qualified_third_groups,match_id,third_group
E-F-G-H-I-J-K-L,M74,F
E-F-G-H-I-J-K-L,M77,G
E-F-G-H-I-J-K-L,M79,E
E-F-G-H-I-J-K-L,M80,K
E-F-G-H-I-J-K-L,M81,I
E-F-G-H-I-J-K-L,M82,H
E-F-G-H-I-J-K-L,M85,J
E-F-G-H-I-J-K-L,M87,L
D-F-G-H-I-J-K-L,M74,D
D-F-G-H-I-J-K-L,M77,F
D-F-G-H-I-J-K-L,M79,H
D-F-G-H-I-J-K-L,M80,K
D-F-G-H-I-J-K-L,M81,I
D-F-G-H-I-J-K-L,M82,J
D-F-G-H-I-J-K-L,M85,G
D-F-G-H-I-J-K-L,M87,L
D-E-G-H-I-J-K-L,M74,D
D-E-G-H-I-J-K-L,M77,G
D-E-G-H-I-J-K-L,M79,E
D-E-G-H-I-J-K-L,M80,K
D-E-G-H-I-J-K-L,M81,I
D-E-G-H-I-J-K-L,M82,H
D-E-G-H-I-J-K-L,M85,J
D-E-G-H-I-J-K-L,M87,L
D-E-F-H-I-J-K-L,M74,D
D-E-F-H-I-J-K-L,M77,F
D-E-F-H-I-J-K-L,M79,E
D-E-F-H-I-J-K-L,M80,K
D-E-F-H-I-J-K-L,M81,I
D-E-F-H-I-J-K-L,M82,H
D-E-F-H-I-J-K-L,M85,J
D-E-F-H-I-J-K-L,M87,L
D-E-F-G-I-J-K-L,M74,D
D-E-F-G-I-J-K-L,M77,F
D-E-F-G-I-J-K-L,M79,E
D-E-F-G-I-J-K-L,M80,K
D-E-F-G-I-J-K-L,M81,I
D-E-F-G-I-J-K-L,M82,J
D-E-F-G-I-J-K-L,M85,G
D-E-F-G-I-J-K-L,M87,L
D-E-F-G-H-J-K-L,M74,D
D-E-F-G-H-J-K-L,M77,F
D-E-F-G-H-J-K-L,M79,E
D-E-F-G-H-J-K-L,M80,K
D-E-F-G-H-J-K-L,M81,J
D-E-F-G-H-J-K-L,M82,H
D-E-F-G-H-J-K-L,M85,G
D-E-F-G-H-J-K-L,M87,L
D-E-F-G-H-I-K-L,M74,D
D-E-F-G-H-I-K-L,M77,F
D-E-F-G-H-I-K-L,M79,E
D-E-F-G-H-I-K-L,M80,K
D-E-F-G-H-I-K-L,M81,I
D-E-F-G-H-I-K-L,M82,H
D-E-F-G-H-I-K-L,M85,G
D-E-F-G-H-I-K-L,M87,L
D-E-F-G-H-I-J-L,M74,D
D-E-F-G-H-I-J-L,M77,F
D-E-F-G-H-I-J-L,M79,E
D-E-F-G-H-I-J-L,M80,I
D-E-F-G-H-I-J-L,M81,J
D-E-F-G-H-I-J-L,M82,H
D-E-F-G-H-I-J-L,M85,G
D-E-F-G-H-I-J-L,M87,L
D-E-F-G-H-I-J-K,M74,D
D-E-F-G-H-I-J-K,M77,F
D-E-F-G-H-I-J-K,M79,E
D-E-F-G-H-I-J-K,M80,K
D-E-F-G-H-I-J-K,M81,J
D-E-F-G-H-I-J-K,M82,H
D-E-F-G-H-I-J-K,M85,G
D-E-F-G-H-I-J-K,M87,I
C-F-G-H-I-J-K-L,M74,C
C-F-G-H-I-J-K-L,M77,F
C-F-G-H-I-J-K-L,M79,H
C-F-G-H-I-J-K-L,M80,K
C-F-G-H-I-J-K-L,M81,I
C-F-G-H-I-J-K-L,M82,J
C-F-G-H-I-J-K-L,M85,G
C-F-G-H-I-J-K-L,M87,L
C-E-G-H-I-J-K-L,M74,C
C-E-G-H-I-J-K-L,M77,G
C-E-G-H-I-J-K-L,M79,E
C-E-G-H-I-J-K-L,M80,K
C-E-G-H-I-J-K-L,M81,I
C-E-G-H-I-J-K-L,M82,H
C-E-G-H-I-J-K-L,M85,J
C-E-G-H-I-J-K-L,M87,L
C-E-F-H-I-J-K-L,M74,C
C-E-F-H-I-J-K-L,M77,F
C-E-F-H-I-J-K-L,M79,E
C-E-F-H-I-J-K-L,M80,K
C-E-F-H-I-J-K-L,M81,I
C-E-F-H-I-J-K-L,M82,H
C-E-F-H-I-J-K-L,M85,J
C-E-F-H-I-J-K-L,M87,L
C-E-F-G-I-J-K-L,M74,C
C-E-F-G-I-J-K-L,M77,F
C-E-F-G-I-J-K-L,M79,E
C-E-F-G-I-J-K-L,M80,K
C-E-F-G-I-J-K-L,M81,I
C-E-F-G-I-J-K-L,M82,J
C-E-F-G-I-J-K-L,M85,G
C-E-F-G-I-J-K-L,M87,L
C-E-F-G-H-J-K-L,M74,C
C-E-F-G-H-J-K-L,M77,F
C-E-F-G-H-J-K-L,M79,E
C-E-F-G-H-J-K-L,M80,K
C-E-F-G-H-J-K-L,M81,J
C-E-F-G-H-J-K-L,M82,H
C-E-F-G-H-J-K-L,M85,G
C-E-F-G-H-J-K-L,M87,L
C-E-F-G-H-I-K-L,M74,C
C-E-F-G-H-I-K-L,M77,F
C-E-F-G-H-I-K-L,M79,E
C-E-F-G-H-I-K-L,M80,K
C-E-F-G-H-I-K-L,M81,I
C-E-F-G-H-I-K-L,M82,H
C-E-F-G-H-I-K-L,M85,G
C-E-F-G-H-I-K-L,M87,L
C-E-F-G-H-I-J-L,M74,C
C-E-F-G-H-I-J-L,M77,F
C-E-F-G-H-I-J-L,M79,E
C-E-F-G-H-I-J-L,M80,I
C-E-F-G-H-I-J-L,M81,J
C-E-F-G-H-I-J-L,M82,H
C-E-F-G-H-I-J-L,M85,G
C-E-F-G-H-I-J-L,M87,L
C-E-F-G-H-I-J-K,M74,C
C-E-F-G-H-I-J-K,M77,F
C-E-F-G-H-I-J-K,M79,E
C-E-F-G-H-I-J-K,M80,K
C-E-F-G-H-I-J-K,M81,J
C-E-F-G-H-I-J-K,M82,H
C-E-F-G-H-I-J-K,M85,G
C-E-F-G-H-I-J-K,M87,I
C-D-G-H-I-J-K-L,M74,C
C-D-G-H-I-J-K-L,M77,D
C-D-G-H-I-J-K-L,M79,H
C-D-G-H-I-J-K-L,M80,K
C-D-G-H-I-J-K-L,M81,I
C-D-G-H-I-J-K-L,M82,J
C-D-G-H-I-J-K-L,M85,G
C-D-G-H-I-J-K-L,M87,L
C-D-F-H-I-J-K-L,M74,D
C-D-F-H-I-J-K-L,M77,F
C-D-F-H-I-J-K-L,M79,C
C-D-F-H-I-J-K-L,M80,K
C-D-F-H-I-J-K-L,M81,I
C-D-F-H-I-J-K-L,M82,H
C-D-F-H-I-J-K-L,M85,J
C-D-F-H-I-J-K-L,M87,L
C-D-F-G-I-J-K-L,M74,D
C-D-F-G-I-J-K-L,M77,F
C-D-F-G-I-J-K-L,M79,C
C-D-F-G-I-J-K-L,M80,K
C-D-F-G-I-J-K-L,M81,I
C-D-F-G-I-J-K-L,M82,J
C-D-F-G-I-J-K-L,M85,G
C-D-F-G-I-J-K-L,M87,L
C-D-F-G-H-J-K-L,M74,D
C-D-F-G-H-J-K-L,M77,F
C-D-F-G-H-J-K-L,M79,C
C-D-F-G-H-J-K-L,M80,K
C-D-F-G-H-J-K-L,M81,J
C-D-F-G-H-J-K-L,M82,H
C-D-F-G-H-J-K-L,M85,G
C-D-F-G-H-J-K-L,M87,L
C-D-F-G-H-I-K-L,M74,D
C-D-F-G-H-I-K-L,M77,F
C-D-F-G-H-I-K-L,M79,C
C-D-F-G-H-I-K-L,M80,K
C-D-F-G-H-I-K-L,M81,I
C-D-F-G-H-I-K-L,M82,H
C-D-F-G-H-I-K-L,M85,G
C-D-F-G-H-I-K-L,M87,L
C-D-F-G-H-I-J-L,M74,D
C-D-F-G-H-I-J-L,M77,F
C-D-F-G-H-I-J-L,M79,C
C-D-F-G-H-I-J-L,M80,I
C-D-F-G-H-I-J-L,M81,J
C-D-F-G-H-I-J-L,M82,H
C-D-F-G-H-I-J-L,M85,G
C-D-F-G-H-I-J-L,M87,L
C-D-F-G-H-I-J-K,M74,D
C-D-F-G-H-I-J-K,M77,F
C-D-F-G-H-I-J-K,M79,C
C-D-F-G-H-I-J-K,M80,K
C-D-F-G-H-I-J-K,M81,J
C-D-F-G-H-I-J-K,M82,H
C-D-F-G-H-I-J-K,M85,G
C-D-F-G-H-I-J-K,M87,I
C-D-E-H-I-J-K-L,M74,C
C-D-E-H-I-J-K-L,M77,D
C-D-E-H-I-J-K-L,M79,E
C-D-E-H-I-J-K-L,M80,K
C-D-E-H-I-J-K-L,M81,I
C-D-E-H-I-J-K-L,M82,H
C-D-E-H-I-J-K-L,M85,J
C-D-E-H-I-J-K-L,M87,L
C-D-E-G-I-J-K-L,M74,C
C-D-E-G-I-J-K-L,M77,D
C-D-E-G-I-J-K-L,M79,E
C-D-E-G-I-J-K-L,M80,K
C-D-E-G-I-J-K-L,M81,I
C-D-E-G-I-J-K-L,M82,J
C-D-E-G-I-J-K-L,M85,G
C-D-E-G-I-J-K-L,M87,L
C-D-E-G-H-J-K-L,M74,C
C-D-E-G-H-J-K-L,M77,D
C-D-E-G-H-J-K-L,M79,E
C-D-E-G-H-J-K-L,M80,K
C-D-E-G-H-J-K-L,M81,J
C-D-E-G-H-J-K-L,M82,H
C-D-E-G-H-J-K-L,M85,G
C-D-E-G-H-J-K-L,M87,L
C-D-E-G-H-I-K-L,M74,C
C-D-E-G-H-I-K-L,M77,D
C-D-E-G-H-I-K-L,M79,E
C-D-E-G-H-I-K-L,M80,K
C-D-E-G-H-I-K-L,M81,I
C-D-E-G-H-I-K-L,M82,H
C-D-E-G-H-I-K-L,M85,G
C-D-E-G-H-I-K-L,M87,L
C-D-E-G-H-I-J-L,M74,C
C-D-E-G-H-I-J-L,M77,D
C-D-E-G-H-I-J-L,M79,E
C-D-E-G-H-I-J-L,M80,I
C-D-E-G-H-I-J-L,M81,J
C-D-E-G-H-I-J-L,M82,H
C-D-E-G-H-I-J-L,M85,G
C-D-E-G-H-I-J-L,M87,L
C-D-E-G-H-I-J-K,M74,C
C-D-E-G-H-I-J-K,M77,D
C-D-E-G-H-I-J-K,M79,E
C-D-E-G-H-I-J-K,M80,K
C-D-E-G-H-I-J-K,M81,J
C-D-E-G-H-I-J-K,M82,H
C-D-E-G-H-I-J-K,M85,G
C-D-E-G-H-I-J-K,M87,I
C-D-E-F-I-J-K-L,M74,D
C-D-E-F-I-J-K-L,M77,F
C-D-E-F-I-J-K-L,M79,C
C-D-E-F-I-J-K-L,M80,K
C-D-E-F-I-J-K-L,M81,E
C-D-E-F-I-J-K-L,M82,I
C-D-E-F-I-J-K-L,M85,J
C-D-E-F-I-J-K-L,M87,L
C-D-E-F-H-J-K-L,M74,D
C-D-E-F-H-J-K-L,M77,F
C-D-E-F-H-J-K-L,M79,C
C-D-E-F-H-J-K-L,M80,K
C-D-E-F-H-J-K-L,M81,E
C-D-E-F-H-J-K-L,M82,H
C-D-E-F-H-J-K-L,M85,J
C-D-E-F-H-J-K-L,M87,L
C-D-E-F-H-I-K-L,M74,D
C-D-E-F-H-I-K-L,M77,F
C-D-E-F-H-I-K-L,M79,C
C-D-E-F-H-I-K-L,M80,K
C-D-E-F-H-I-K-L,M81,I
C-D-E-F-H-I-K-L,M82,H
C-D-E-F-H-I-K-L,M85,E
C-D-E-F-H-I-K-L,M87,L
C-D-E-F-H-I-J-L,M74,D
C-D-E-F-H-I-J-L,M77,F
C-D-E-F-H-I-J-L,M79,C
C-D-E-F-H-I-J-L,M80,I
C-D-E-F-H-I-J-L,M81,E
C-D-E-F-H-I-J-L,M82,H
C-D-E-F-H-I-J-L,M85,J
C-D-E-F-H-I-J-L,M87,L
C-D-E-F-H-I-J-K,M74,D
C-D-E-F-H-I-J-K,M77,F
C-D-E-F-H-I-J-K,M79,C
C-D-E-F-H-I-J-K,M80,K
C-D-E-F-H-I-J-K,M81,E
C-D-E-F-H-I-J-K,M82,H
C-D-E-F-H-I-J-K,M85,J
C-D-E-F-H-I-J-K,M87,I
C-D-E-F-G-J-K-L,M74,D
C-D-E-F-G-J-K-L,M77,F
C-D-E-F-G-J-K-L,M79,C
C-D-E-F-G-J-K-L,M80,K
C-D-E-F-G-J-K-L,M81,E
C-D-E-F-G-J-K-L,M82,J
C-D-E-F-G-J-K-L,M85,G
C-D-E-F-G-J-K-L,M87,L
C-D-E-F-G-I-K-L,M74,D
C-D-E-F-G-I-K-L,M77,F
C-D-E-F-G-I-K-L,M79,C
C-D-E-F-G-I-K-L,M80,K
C-D-E-F-G-I-K-L,M81,E
C-D-E-F-G-I-K-L,M82,I
C-D-E-F-G-I-K-L,M85,G
C-D-E-F-G-I-K-L,M87,L
C-D-E-F-G-I-J-L,M74,D
C-D-E-F-G-I-J-L,M77,F
C-D-E-F-G-I-J-L,M79,C
C-D-E-F-G-I-J-L,M80,I
C-D-E-F-G-I-J-L,M81,E
C-D-E-F-G-I-J-L,M82,J
C-D-E-F-G-I-J-L,M85,G
C-D-E-F-G-I-J-L,M87,L
C-D-E-F-G-I-J-K,M74,D
C-D-E-F-G-I-J-K,M77,F
C-D-E-F-G-I-J-K,M79,C
C-D-E-F-G-I-J-K,M80,K
C-D-E-F-G-I-J-K,M81,E
C-D-E-F-G-I-J-K,M82,J
C-D-E-F-G-I-J-K,M85,G
C-D-E-F-G-I-J-K,M87,I
C-D-E-F-G-H-K-L,M74,D
C-D-E-F-G-H-K-L,M77,F
C-D-E-F-G-H-K-L,M79,C
C-D-E-F-G-H-K-L,M80,K
C-D-E-F-G-H-K-L,M81,E
C-D-E-F-G-H-K-L,M82,H
C-D-E-F-G-H-K-L,M85,G
C-D-E-F-G-H-K-L,M87,L
C-D-E-F-G-H-J-L,M74,D
C-D-E-F-G-H-J-L,M77,F
C-D-E-F-G-H-J-L,M79,C
C-D-E-F-G-H-J-L,M80,E
C-D-E-F-G-H-J-L,M81,J
C-D-E-F-G-H-J-L,M82,H
C-D-E-F-G-H-J-L,M85,G
C-D-E-F-G-H-J-L,M87,L
C-D-E-F-G-H-J-K,M74,D
C-D-E-F-G-H-J-K,M77,F
C-D-E-F-G-H-J-K,M79,C
C-D-E-F-G-H-J-K,M80,K
C-D-E-F-G-H-J-K,M81,J
C-D-E-F-G-H-J-K,M82,H
C-D-E-F-G-H-J-K,M85,G
C-D-E-F-G-H-J-K,M87,E
C-D-E-F-G-H-I-L,M74,D
C-D-E-F-G-H-I-L,M77,F
C-D-E-F-G-H-I-L,M79,C
C-D-E-F-G-H-I-L,M80,I
C-D-E-F-G-H-I-L,M81,E
C-D-E-F-G-H-I-L,M82,H
C-D-E-F-G-H-I-L,M85,G
C-D-E-F-G-H-I-L,M87,L
C-D-E-F-G-H-I-K,M74,D
C-D-E-F-G-H-I-K,M77,F
C-D-E-F-G-H-I-K,M79,C
C-D-E-F-G-H-I-K,M80,K
C-D-E-F-G-H-I-K,M81,E
C-D-E-F-G-H-I-K,M82,H
C-D-E-F-G-H-I-K,M85,G
C-D-E-F-G-H-I-K,M87,I
C-D-E-F-G-H-I-J,M74,D
C-D-E-F-G-H-I-J,M77,F
C-D-E-F-G-H-I-J,M79,C
C-D-E-F-G-H-I-J,M80,I
C-D-E-F-G-H-I-J,M81,J
C-D-E-F-G-H-I-J,M82,H
C-D-E-F-G-H-I-J,M85,G
C-D-E-F-G-H-I-J,M87,E
B-F-G-H-I-J-K-L,M74,F
B-F-G-H-I-J-K-L,M77,G
B-F-G-H-I-J-K-L,M79,H
B-F-G-H-I-J-K-L,M80,K
B-F-G-H-I-J-K-L,M81,B
B-F-G-H-I-J-K-L,M82,I
B-F-G-H-I-J-K-L,M85,J
B-F-G-H-I-J-K-L,M87,L
B-E-G-H-I-J-K-L,M74,B
B-E-G-H-I-J-K-L,M77,G
B-E-G-H-I-J-K-L,M79,E
B-E-G-H-I-J-K-L,M80,K
B-E-G-H-I-J-K-L,M81,I
B-E-G-H-I-J-K-L,M82,H
B-E-G-H-I-J-K-L,M85,J
B-E-G-H-I-J-K-L,M87,L
B-E-F-H-I-J-K-L,M74,F
B-E-F-H-I-J-K-L,M77,H
B-E-F-H-I-J-K-L,M79,E
B-E-F-H-I-J-K-L,M80,K
B-E-F-H-I-J-K-L,M81,B
B-E-F-H-I-J-K-L,M82,I
B-E-F-H-I-J-K-L,M85,J
B-E-F-H-I-J-K-L,M87,L
B-E-F-G-I-J-K-L,M74,F
B-E-F-G-I-J-K-L,M77,G
B-E-F-G-I-J-K-L,M79,E
B-E-F-G-I-J-K-L,M80,K
B-E-F-G-I-J-K-L,M81,B
B-E-F-G-I-J-K-L,M82,I
B-E-F-G-I-J-K-L,M85,J
B-E-F-G-I-J-K-L,M87,L
B-E-F-G-H-J-K-L,M74,F
B-E-F-G-H-J-K-L,M77,G
B-E-F-G-H-J-K-L,M79,E
B-E-F-G-H-J-K-L,M80,K
B-E-F-G-H-J-K-L,M81,B
B-E-F-G-H-J-K-L,M82,H
B-E-F-G-H-J-K-L,M85,J
B-E-F-G-H-J-K-L,M87,L
B-E-F-G-H-I-K-L,M74,F
B-E-F-G-H-I-K-L,M77,H
B-E-F-G-H-I-K-L,M79,E
B-E-F-G-H-I-K-L,M80,K
B-E-F-G-H-I-K-L,M81,B
B-E-F-G-H-I-K-L,M82,I
B-E-F-G-H-I-K-L,M85,G
B-E-F-G-H-I-K-L,M87,L
B-E-F-G-H-I-J-L,M74,F
B-E-F-G-H-I-J-L,M77,G
B-E-F-G-H-I-J-L,M79,E
B-E-F-G-H-I-J-L,M80,I
B-E-F-G-H-I-J-L,M81,B
B-E-F-G-H-I-J-L,M82,H
B-E-F-G-H-I-J-L,M85,J
B-E-F-G-H-I-J-L,M87,L
B-E-F-G-H-I-J-K,M74,F
B-E-F-G-H-I-J-K,M77,G
B-E-F-G-H-I-J-K,M79,E
B-E-F-G-H-I-J-K,M80,K
B-E-F-G-H-I-J-K,M81,B
B-E-F-G-H-I-J-K,M82,H
B-E-F-G-H-I-J-K,M85,J
B-E-F-G-H-I-J-K,M87,I
B-D-G-H-I-J-K-L,M74,D
B-D-G-H-I-J-K-L,M77,G
B-D-G-H-I-J-K-L,M79,H
B-D-G-H-I-J-K-L,M80,K
B-D-G-H-I-J-K-L,M81,B
B-D-G-H-I-J-K-L,M82,I
B-D-G-H-I-J-K-L,M85,J
B-D-G-H-I-J-K-L,M87,L
B-D-F-H-I-J-K-L,M74,D
B-D-F-H-I-J-K-L,M77,F
B-D-F-H-I-J-K-L,M79,H
B-D-F-H-I-J-K-L,M80,K
B-D-F-H-I-J-K-L,M81,B
B-D-F-H-I-J-K-L,M82,I
B-D-F-H-I-J-K-L,M85,J
B-D-F-H-I-J-K-L,M87,L
B-D-F-G-I-J-K-L,M74,D
B-D-F-G-I-J-K-L,M77,F
B-D-F-G-I-J-K-L,M79,I
B-D-F-G-I-J-K-L,M80,K
B-D-F-G-I-J-K-L,M81,B
B-D-F-G-I-J-K-L,M82,J
B-D-F-G-I-J-K-L,M85,G
B-D-F-G-I-J-K-L,M87,L
B-D-F-G-H-J-K-L,M74,D
B-D-F-G-H-J-K-L,M77,F
B-D-F-G-H-J-K-L,M79,H
B-D-F-G-H-J-K-L,M80,K
B-D-F-G-H-J-K-L,M81,B
B-D-F-G-H-J-K-L,M82,J
B-D-F-G-H-J-K-L,M85,G
B-D-F-G-H-J-K-L,M87,L
B-D-F-G-H-I-K-L,M74,D
B-D-F-G-H-I-K-L,M77,F
B-D-F-G-H-I-K-L,M79,H
B-D-F-G-H-I-K-L,M80,K
B-D-F-G-H-I-K-L,M81,B
B-D-F-G-H-I-K-L,M82,I
B-D-F-G-H-I-K-L,M85,G
B-D-F-G-H-I-K-L,M87,L
B-D-F-G-H-I-J-L,M74,D
B-D-F-G-H-I-J-L,M77,F
B-D-F-G-H-I-J-L,M79,H
B-D-F-G-H-I-J-L,M80,I
B-D-F-G-H-I-J-L,M81,B
B-D-F-G-H-I-J-L,M82,J
B-D-F-G-H-I-J-L,M85,G
B-D-F-G-H-I-J-L,M87,L
B-D-F-G-H-I-J-K,M74,D
B-D-F-G-H-I-J-K,M77,F
B-D-F-G-H-I-J-K,M79,H
B-D-F-G-H-I-J-K,M80,K
B-D-F-G-H-I-J-K,M81,B
B-D-F-G-H-I-J-K,M82,J
B-D-F-G-H-I-J-K,M85,G
B-D-F-G-H-I-J-K,M87,I
B-D-E-H-I-J-K-L,M74,D
B-D-E-H-I-J-K-L,M77,H
B-D-E-H-I-J-K-L,M79,E
B-D-E-H-I-J-K-L,M80,K
B-D-E-H-I-J-K-L,M81,B
B-D-E-H-I-J-K-L,M82,I
B-D-E-H-I-J-K-L,M85,J
B-D-E-H-I-J-K-L,M87,L
B-D-E-G-I-J-K-L,M74,D
B-D-E-G-I-J-K-L,M77,G
B-D-E-G-I-J-K-L,M79,E
B-D-E-G-I-J-K-L,M80,K
B-D-E-G-I-J-K-L,M81,B
B-D-E-G-I-J-K-L,M82,I
B-D-E-G-I-J-K-L,M85,J
B-D-E-G-I-J-K-L,M87,L
B-D-E-G-H-J-K-L,M74,D
B-D-E-G-H-J-K-L,M77,G
B-D-E-G-H-J-K-L,M79,E
B-D-E-G-H-J-K-L,M80,K
B-D-E-G-H-J-K-L,M81,B
B-D-E-G-H-J-K-L,M82,H
B-D-E-G-H-J-K-L,M85,J
B-D-E-G-H-J-K-L,M87,L
B-D-E-G-H-I-K-L,M74,D
B-D-E-G-H-I-K-L,M77,H
B-D-E-G-H-I-K-L,M79,E
B-D-E-G-H-I-K-L,M80,K
B-D-E-G-H-I-K-L,M81,B
B-D-E-G-H-I-K-L,M82,I
B-D-E-G-H-I-K-L,M85,G
B-D-E-G-H-I-K-L,M87,L
B-D-E-G-H-I-J-L,M74,D
B-D-E-G-H-I-J-L,M77,G
B-D-E-G-H-I-J-L,M79,E
B-D-E-G-H-I-J-L,M80,I
B-D-E-G-H-I-J-L,M81,B
B-D-E-G-H-I-J-L,M82,H
B-D-E-G-H-I-J-L,M85,J
B-D-E-G-H-I-J-L,M87,L
B-D-E-G-H-I-J-K,M74,D
B-D-E-G-H-I-J-K,M77,G
B-D-E-G-H-I-J-K,M79,E
B-D-E-G-H-I-J-K,M80,K
B-D-E-G-H-I-J-K,M81,B
B-D-E-G-H-I-J-K,M82,H
B-D-E-G-H-I-J-K,M85,J
B-D-E-G-H-I-J-K,M87,I
B-D-E-F-I-J-K-L,M74,D
B-D-E-F-I-J-K-L,M77,F
B-D-E-F-I-J-K-L,M79,E
B-D-E-F-I-J-K-L,M80,K
B-D-E-F-I-J-K-L,M81,B
B-D-E-F-I-J-K-L,M82,I
B-D-E-F-I-J-K-L,M85,J
B-D-E-F-I-J-K-L,M87,L
B-D-E-F-H-J-K-L,M74,D
B-D-E-F-H-J-K-L,M77,F
B-D-E-F-H-J-K-L,M79,E
B-D-E-F-H-J-K-L,M80,K
B-D-E-F-H-J-K-L,M81,B
B-D-E-F-H-J-K-L,M82,H
B-D-E-F-H-J-K-L,M85,J
B-D-E-F-H-J-K-L,M87,L
B-D-E-F-H-I-K-L,M74,D
B-D-E-F-H-I-K-L,M77,F
B-D-E-F-H-I-K-L,M79,E
B-D-E-F-H-I-K-L,M80,K
B-D-E-F-H-I-K-L,M81,B
B-D-E-F-H-I-K-L,M82,H
B-D-E-F-H-I-K-L,M85,I
B-D-E-F-H-I-K-L,M87,L
B-D-E-F-H-I-J-L,M74,D
B-D-E-F-H-I-J-L,M77,F
B-D-E-F-H-I-J-L,M79,E
B-D-E-F-H-I-J-L,M80,I
B-D-E-F-H-I-J-L,M81,B
B-D-E-F-H-I-J-L,M82,H
B-D-E-F-H-I-J-L,M85,J
B-D-E-F-H-I-J-L,M87,L
B-D-E-F-H-I-J-K,M74,D
B-D-E-F-H-I-J-K,M77,F
B-D-E-F-H-I-J-K,M79,E
B-D-E-F-H-I-J-K,M80,K
B-D-E-F-H-I-J-K,M81,B
B-D-E-F-H-I-J-K,M82,H
B-D-E-F-H-I-J-K,M85,J
B-D-E-F-H-I-J-K,M87,I
B-D-E-F-G-J-K-L,M74,D
B-D-E-F-G-J-K-L,M77,F
B-D-E-F-G-J-K-L,M79,E
B-D-E-F-G-J-K-L,M80,K
B-D-E-F-G-J-K-L,M81,B
B-D-E-F-G-J-K-L,M82,J
B-D-E-F-G-J-K-L,M85,G
B-D-E-F-G-J-K-L,M87,L
B-D-E-F-G-I-K-L,M74,D
B-D-E-F-G-I-K-L,M77,F
B-D-E-F-G-I-K-L,M79,E
B-D-E-F-G-I-K-L,M80,K
B-D-E-F-G-I-K-L,M81,B
B-D-E-F-G-I-K-L,M82,I
B-D-E-F-G-I-K-L,M85,G
B-D-E-F-G-I-K-L,M87,L
B-D-E-F-G-I-J-L,M74,D
B-D-E-F-G-I-J-L,M77,F
B-D-E-F-G-I-J-L,M79,E
B-D-E-F-G-I-J-L,M80,I
B-D-E-F-G-I-J-L,M81,B
B-D-E-F-G-I-J-L,M82,J
B-D-E-F-G-I-J-L,M85,G
B-D-E-F-G-I-J-L,M87,L
B-D-E-F-G-I-J-K,M74,D
B-D-E-F-G-I-J-K,M77,F
B-D-E-F-G-I-J-K,M79,E
B-D-E-F-G-I-J-K,M80,K
B-D-E-F-G-I-J-K,M81,B
B-D-E-F-G-I-J-K,M82,J
B-D-E-F-G-I-J-K,M85,G
B-D-E-F-G-I-J-K,M87,I
B-D-E-F-G-H-K-L,M74,D
B-D-E-F-G-H-K-L,M77,F
B-D-E-F-G-H-K-L,M79,E
B-D-E-F-G-H-K-L,M80,K
B-D-E-F-G-H-K-L,M81,B
B-D-E-F-G-H-K-L,M82,H
B-D-E-F-G-H-K-L,M85,G
B-D-E-F-G-H-K-L,M87,L
B-D-E-F-G-H-J-L,M74,D
B-D-E-F-G-H-J-L,M77,F
B-D-E-F-G-H-J-L,M79,H
B-D-E-F-G-H-J-L,M80,E
B-D-E-F-G-H-J-L,M81,B
B-D-E-F-G-H-J-L,M82,J
B-D-E-F-G-H-J-L,M85,G
B-D-E-F-G-H-J-L,M87,L
B-D-E-F-G-H-J-K,M74,D
B-D-E-F-G-H-J-K,M77,F
B-D-E-F-G-H-J-K,M79,H
B-D-E-F-G-H-J-K,M80,K
B-D-E-F-G-H-J-K,M81,B
B-D-E-F-G-H-J-K,M82,J
B-D-E-F-G-H-J-K,M85,G
B-D-E-F-G-H-J-K,M87,E
B-D-E-F-G-H-I-L,M74,D
B-D-E-F-G-H-I-L,M77,F
B-D-E-F-G-H-I-L,M79,E
B-D-E-F-G-H-I-L,M80,I
B-D-E-F-G-H-I-L,M81,B
B-D-E-F-G-H-I-L,M82,H
B-D-E-F-G-H-I-L,M85,G
B-D-E-F-G-H-I-L,M87,L
B-D-E-F-G-H-I-K,M74,D
B-D-E-F-G-H-I-K,M77,F
B-D-E-F-G-H-I-K,M79,E
B-D-E-F-G-H-I-K,M80,K
B-D-E-F-G-H-I-K,M81,B
B-D-E-F-G-H-I-K,M82,H
B-D-E-F-G-H-I-K,M85,G
B-D-E-F-G-H-I-K,M87,I
B-D-E-F-G-H-I-J,M74,D
B-D-E-F-G-H-I-J,M77,F
B-D-E-F-G-H-I-J,M79,H
B-D-E-F-G-H-I-J,M80,I
B-D-E-F-G-H-I-J,M81,B
B-D-E-F-G-H-I-J,M82,J
B-D-E-F-G-H-I-J,M85,G
B-D-E-F-G-H-I-J,M87,E
B-C-G-H-I-J-K-L,M74,C
B-C-G-H-I-J-K-L,M77,G
B-C-G-H-I-J-K-L,M79,H
B-C-G-H-I-J-K-L,M80,K
B-C-G-H-I-J-K-L,M81,B
B-C-G-H-I-J-K-L,M82,I
B-C-G-H-I-J-K-L,M85,J
B-C-G-H-I-J-K-L,M87,L
B-C-F-H-I-J-K-L,M74,C
B-C-F-H-I-J-K-L,M77,F
B-C-F-H-I-J-K-L,M79,H
B-C-F-H-I-J-K-L,M80,K
B-C-F-H-I-J-K-L,M81,B
B-C-F-H-I-J-K-L,M82,I
B-C-F-H-I-J-K-L,M85,J
B-C-F-H-I-J-K-L,M87,L
B-C-F-G-I-J-K-L,M74,C
B-C-F-G-I-J-K-L,M77,F
B-C-F-G-I-J-K-L,M79,I
B-C-F-G-I-J-K-L,M80,K
B-C-F-G-I-J-K-L,M81,B
B-C-F-G-I-J-K-L,M82,J
B-C-F-G-I-J-K-L,M85,G
B-C-F-G-I-J-K-L,M87,L
B-C-F-G-H-J-K-L,M74,C
B-C-F-G-H-J-K-L,M77,F
B-C-F-G-H-J-K-L,M79,H
B-C-F-G-H-J-K-L,M80,K
B-C-F-G-H-J-K-L,M81,B
B-C-F-G-H-J-K-L,M82,J
B-C-F-G-H-J-K-L,M85,G
B-C-F-G-H-J-K-L,M87,L
B-C-F-G-H-I-K-L,M74,C
B-C-F-G-H-I-K-L,M77,F
B-C-F-G-H-I-K-L,M79,H
B-C-F-G-H-I-K-L,M80,K
B-C-F-G-H-I-K-L,M81,B
B-C-F-G-H-I-K-L,M82,I
B-C-F-G-H-I-K-L,M85,G
B-C-F-G-H-I-K-L,M87,L
B-C-F-G-H-I-J-L,M74,C
B-C-F-G-H-I-J-L,M77,F
B-C-F-G-H-I-J-L,M79,H
B-C-F-G-H-I-J-L,M80,I
B-C-F-G-H-I-J-L,M81,B
B-C-F-G-H-I-J-L,M82,J
B-C-F-G-H-I-J-L,M85,G
B-C-F-G-H-I-J-L,M87,L
B-C-F-G-H-I-J-K,M74,C
B-C-F-G-H-I-J-K,M77,F
B-C-F-G-H-I-J-K,M79,H
B-C-F-G-H-I-J-K,M80,K
B-C-F-G-H-I-J-K,M81,B
B-C-F-G-H-I-J-K,M82,J
B-C-F-G-H-I-J-K,M85,G
B-C-F-G-H-I-J-K,M87,I
B-C-E-H-I-J-K-L,M74,C
B-C-E-H-I-J-K-L,M77,H
B-C-E-H-I-J-K-L,M79,E
B-C-E-H-I-J-K-L,M80,K
B-C-E-H-I-J-K-L,M81,B
B-C-E-H-I-J-K-L,M82,I
B-C-E-H-I-J-K-L,M85,J
B-C-E-H-I-J-K-L,M87,L
B-C-E-G-I-J-K-L,M74,C
B-C-E-G-I-J-K-L,M77,G
B-C-E-G-I-J-K-L,M79,E
B-C-E-G-I-J-K-L,M80,K
B-C-E-G-I-J-K-L,M81,B
B-C-E-G-I-J-K-L,M82,I
B-C-E-G-I-J-K-L,M85,J
B-C-E-G-I-J-K-L,M87,L
B-C-E-G-H-J-K-L,M74,C
B-C-E-G-H-J-K-L,M77,G
B-C-E-G-H-J-K-L,M79,E
B-C-E-G-H-J-K-L,M80,K
B-C-E-G-H-J-K-L,M81,B
B-C-E-G-H-J-K-L,M82,H
B-C-E-G-H-J-K-L,M85,J
B-C-E-G-H-J-K-L,M87,L
B-C-E-G-H-I-K-L,M74,C
B-C-E-G-H-I-K-L,M77,H
B-C-E-G-H-I-K-L,M79,E
B-C-E-G-H-I-K-L,M80,K
B-C-E-G-H-I-K-L,M81,B
B-C-E-G-H-I-K-L,M82,I
B-C-E-G-H-I-K-L,M85,G
B-C-E-G-H-I-K-L,M87,L
B-C-E-G-H-I-J-L,M74,C
B-C-E-G-H-I-J-L,M77,G
B-C-E-G-H-I-J-L,M79,E
B-C-E-G-H-I-J-L,M80,I
B-C-E-G-H-I-J-L,M81,B
B-C-E-G-H-I-J-L,M82,H
B-C-E-G-H-I-J-L,M85,J
B-C-E-G-H-I-J-L,M87,L
B-C-E-G-H-I-J-K,M74,C
B-C-E-G-H-I-J-K,M77,G
B-C-E-G-H-I-J-K,M79,E
B-C-E-G-H-I-J-K,M80,K
B-C-E-G-H-I-J-K,M81,B
B-C-E-G-H-I-J-K,M82,H
B-C-E-G-H-I-J-K,M85,J
B-C-E-G-H-I-J-K,M87,I
B-C-E-F-I-J-K-L,M74,C
B-C-E-F-I-J-K-L,M77,F
B-C-E-F-I-J-K-L,M79,E
B-C-E-F-I-J-K-L,M80,K
B-C-E-F-I-J-K-L,M81,B
B-C-E-F-I-J-K-L,M82,I
B-C-E-F-I-J-K-L,M85,J
B-C-E-F-I-J-K-L,M87,L
B-C-E-F-H-J-K-L,M74,C
B-C-E-F-H-J-K-L,M77,F
B-C-E-F-H-J-K-L,M79,E
B-C-E-F-H-J-K-L,M80,K
B-C-E-F-H-J-K-L,M81,B
B-C-E-F-H-J-K-L,M82,H
B-C-E-F-H-J-K-L,M85,J
B-C-E-F-H-J-K-L,M87,L
B-C-E-F-H-I-K-L,M74,C
B-C-E-F-H-I-K-L,M77,F
B-C-E-F-H-I-K-L,M79,E
B-C-E-F-H-I-K-L,M80,K
B-C-E-F-H-I-K-L,M81,B
B-C-E-F-H-I-K-L,M82,H
B-C-E-F-H-I-K-L,M85,I
B-C-E-F-H-I-K-L,M87,L
B-C-E-F-H-I-J-L,M74,C
B-C-E-F-H-I-J-L,M77,F
B-C-E-F-H-I-J-L,M79,E
B-C-E-F-H-I-J-L,M80,I
B-C-E-F-H-I-J-L,M81,B
B-C-E-F-H-I-J-L,M82,H
B-C-E-F-H-I-J-L,M85,J
B-C-E-F-H-I-J-L,M87,L
B-C-E-F-H-I-J-K,M74,C
B-C-E-F-H-I-J-K,M77,F
B-C-E-F-H-I-J-K,M79,E
B-C-E-F-H-I-J-K,M80,K
B-C-E-F-H-I-J-K,M81,B
B-C-E-F-H-I-J-K,M82,H
B-C-E-F-H-I-J-K,M85,J
B-C-E-F-H-I-J-K,M87,I
B-C-E-F-G-J-K-L,M74,C
B-C-E-F-G-J-K-L,M77,F
B-C-E-F-G-J-K-L,M79,E
B-C-E-F-G-J-K-L,M80,K
B-C-E-F-G-J-K-L,M81,B
B-C-E-F-G-J-K-L,M82,J
B-C-E-F-G-J-K-L,M85,G
B-C-E-F-G-J-K-L,M87,L
B-C-E-F-G-I-K-L,M74,C
B-C-E-F-G-I-K-L,M77,F
B-C-E-F-G-I-K-L,M79,E
B-C-E-F-G-I-K-L,M80,K
B-C-E-F-G-I-K-L,M81,B
B-C-E-F-G-I-K-L,M82,I
B-C-E-F-G-I-K-L,M85,G
B-C-E-F-G-I-K-L,M87,L
B-C-E-F-G-I-J-L,M74,C
B-C-E-F-G-I-J-L,M77,F
B-C-E-F-G-I-J-L,M79,E
B-C-E-F-G-I-J-L,M80,I
B-C-E-F-G-I-J-L,M81,B
B-C-E-F-G-I-J-L,M82,J
B-C-E-F-G-I-J-L,M85,G
B-C-E-F-G-I-J-L,M87,L
B-C-E-F-G-I-J-K,M74,C
B-C-E-F-G-I-J-K,M77,F
B-C-E-F-G-I-J-K,M79,E
B-C-E-F-G-I-J-K,M80,K
B-C-E-F-G-I-J-K,M81,B
B-C-E-F-G-I-J-K,M82,J
B-C-E-F-G-I-J-K,M85,G
B-C-E-F-G-I-J-K,M87,I
B-C-E-F-G-H-K-L,M74,C
B-C-E-F-G-H-K-L,M77,F
B-C-E-F-G-H-K-L,M79,E
B-C-E-F-G-H-K-L,M80,K
B-C-E-F-G-H-K-L,M81,B
B-C-E-F-G-H-K-L,M82,H
B-C-E-F-G-H-K-L,M85,G
B-C-E-F-G-H-K-L,M87,L
B-C-E-F-G-H-J-L,M74,C
B-C-E-F-G-H-J-L,M77,F
B-C-E-F-G-H-J-L,M79,H
B-C-E-F-G-H-J-L,M80,E
B-C-E-F-G-H-J-L,M81,B
B-C-E-F-G-H-J-L,M82,J
B-C-E-F-G-H-J-L,M85,G
B-C-E-F-G-H-J-L,M87,L
B-C-E-F-G-H-J-K,M74,C
B-C-E-F-G-H-J-K,M77,F
B-C-E-F-G-H-J-K,M79,H
B-C-E-F-G-H-J-K,M80,K
B-C-E-F-G-H-J-K,M81,B
B-C-E-F-G-H-J-K,M82,J
B-C-E-F-G-H-J-K,M85,G
B-C-E-F-G-H-J-K,M87,E
B-C-E-F-G-H-I-L,M74,C
B-C-E-F-G-H-I-L,M77,F
B-C-E-F-G-H-I-L,M79,E
B-C-E-F-G-H-I-L,M80,I
B-C-E-F-G-H-I-L,M81,B
B-C-E-F-G-H-I-L,M82,H
B-C-E-F-G-H-I-L,M85,G
B-C-E-F-G-H-I-L,M87,L
B-C-E-F-G-H-I-K,M74,C
B-C-E-F-G-H-I-K,M77,F
B-C-E-F-G-H-I-K,M79,E
B-C-E-F-G-H-I-K,M80,K
B-C-E-F-G-H-I-K,M81,B
B-C-E-F-G-H-I-K,M82,H
B-C-E-F-G-H-I-K,M85,G
B-C-E-F-G-H-I-K,M87,I
B-C-E-F-G-H-I-J,M74,C
B-C-E-F-G-H-I-J,M77,F
B-C-E-F-G-H-I-J,M79,H
B-C-E-F-G-H-I-J,M80,I
B-C-E-F-G-H-I-J,M81,B
B-C-E-F-G-H-I-J,M82,J
B-C-E-F-G-H-I-J,M85,G
B-C-E-F-G-H-I-J,M87,E
B-C-D-H-I-J-K-L,M74,C
B-C-D-H-I-J-K-L,M77,D
B-C-D-H-I-J-K-L,M79,H
B-C-D-H-I-J-K-L,M80,K
B-C-D-H-I-J-K-L,M81,B
B-C-D-H-I-J-K-L,M82,I
B-C-D-H-I-J-K-L,M85,J
B-C-D-H-I-J-K-L,M87,L
B-C-D-G-I-J-K-L,M74,C
B-C-D-G-I-J-K-L,M77,D
B-C-D-G-I-J-K-L,M79,I
B-C-D-G-I-J-K-L,M80,K
B-C-D-G-I-J-K-L,M81,B
B-C-D-G-I-J-K-L,M82,J
B-C-D-G-I-J-K-L,M85,G
B-C-D-G-I-J-K-L,M87,L
B-C-D-G-H-J-K-L,M74,C
B-C-D-G-H-J-K-L,M77,D
B-C-D-G-H-J-K-L,M79,H
B-C-D-G-H-J-K-L,M80,K
B-C-D-G-H-J-K-L,M81,B
B-C-D-G-H-J-K-L,M82,J
B-C-D-G-H-J-K-L,M85,G
B-C-D-G-H-J-K-L,M87,L
B-C-D-G-H-I-K-L,M74,C
B-C-D-G-H-I-K-L,M77,D
B-C-D-G-H-I-K-L,M79,H
B-C-D-G-H-I-K-L,M80,K
B-C-D-G-H-I-K-L,M81,B
B-C-D-G-H-I-K-L,M82,I
B-C-D-G-H-I-K-L,M85,G
B-C-D-G-H-I-K-L,M87,L
B-C-D-G-H-I-J-L,M74,C
B-C-D-G-H-I-J-L,M77,D
B-C-D-G-H-I-J-L,M79,H
B-C-D-G-H-I-J-L,M80,I
B-C-D-G-H-I-J-L,M81,B
B-C-D-G-H-I-J-L,M82,J
B-C-D-G-H-I-J-L,M85,G
B-C-D-G-H-I-J-L,M87,L
B-C-D-G-H-I-J-K,M74,C
B-C-D-G-H-I-J-K,M77,D
B-C-D-G-H-I-J-K,M79,H
B-C-D-G-H-I-J-K,M80,K
B-C-D-G-H-I-J-K,M81,B
B-C-D-G-H-I-J-K,M82,J
B-C-D-G-H-I-J-K,M85,G
B-C-D-G-H-I-J-K,M87,I
B-C-D-F-I-J-K-L,M74,D
B-C-D-F-I-J-K-L,M77,F
B-C-D-F-I-J-K-L,M79,C
B-C-D-F-I-J-K-L,M80,K
B-C-D-F-I-J-K-L,M81,B
B-C-D-F-I-J-K-L,M82,I
B-C-D-F-I-J-K-L,M85,J
B-C-D-F-I-J-K-L,M87,L
B-C-D-F-H-J-K-L,M74,D
B-C-D-F-H-J-K-L,M77,F
B-C-D-F-H-J-K-L,M79,C
B-C-D-F-H-J-K-L,M80,K
B-C-D-F-H-J-K-L,M81,B
B-C-D-F-H-J-K-L,M82,H
B-C-D-F-H-J-K-L,M85,J
B-C-D-F-H-J-K-L,M87,L
B-C-D-F-H-I-K-L,M74,D
B-C-D-F-H-I-K-L,M77,F
B-C-D-F-H-I-K-L,M79,C
B-C-D-F-H-I-K-L,M80,K
B-C-D-F-H-I-K-L,M81,B
B-C-D-F-H-I-K-L,M82,H
B-C-D-F-H-I-K-L,M85,I
B-C-D-F-H-I-K-L,M87,L
B-C-D-F-H-I-J-L,M74,D
B-C-D-F-H-I-J-L,M77,F
B-C-D-F-H-I-J-L,M79,C
B-C-D-F-H-I-J-L,M80,I
B-C-D-F-H-I-J-L,M81,B
B-C-D-F-H-I-J-L,M82,H
B-C-D-F-H-I-J-L,M85,J
B-C-D-F-H-I-J-L,M87,L
B-C-D-F-H-I-J-K,M74,D
B-C-D-F-H-I-J-K,M77,F
B-C-D-F-H-I-J-K,M79,C
B-C-D-F-H-I-J-K,M80,K
B-C-D-F-H-I-J-K,M81,B
B-C-D-F-H-I-J-K,M82,H
B-C-D-F-H-I-J-K,M85,J
B-C-D-F-H-I-J-K,M87,I
B-C-D-F-G-J-K-L,M74,D
B-C-D-F-G-J-K-L,M77,F
B-C-D-F-G-J-K-L,M79,C
B-C-D-F-G-J-K-L,M80,K
B-C-D-F-G-J-K-L,M81,B
B-C-D-F-G-J-K-L,M82,J
B-C-D-F-G-J-K-L,M85,G
B-C-D-F-G-J-K-L,M87,L
B-C-D-F-G-I-K-L,M74,D
B-C-D-F-G-I-K-L,M77,F
B-C-D-F-G-I-K-L,M79,C
B-C-D-F-G-I-K-L,M80,K
B-C-D-F-G-I-K-L,M81,B
B-C-D-F-G-I-K-L,M82,I
B-C-D-F-G-I-K-L,M85,G
B-C-D-F-G-I-K-L,M87,L
B-C-D-F-G-I-J-L,M74,D
B-C-D-F-G-I-J-L,M77,F
B-C-D-F-G-I-J-L,M79,C
B-C-D-F-G-I-J-L,M80,I
B-C-D-F-G-I-J-L,M81,B
B-C-D-F-G-I-J-L,M82,J
B-C-D-F-G-I-J-L,M85,G
B-C-D-F-G-I-J-L,M87,L
B-C-D-F-G-I-J-K,M74,D
B-C-D-F-G-I-J-K,M77,F
B-C-D-F-G-I-J-K,M79,C
B-C-D-F-G-I-J-K,M80,K
B-C-D-F-G-I-J-K,M81,B
B-C-D-F-G-I-J-K,M82,J
B-C-D-F-G-I-J-K,M85,G
B-C-D-F-G-I-J-K,M87,I
B-C-D-F-G-H-K-L,M74,D
B-C-D-F-G-H-K-L,M77,F
B-C-D-F-G-H-K-L,M79,C
B-C-D-F-G-H-K-L,M80,K
B-C-D-F-G-H-K-L,M81,B
B-C-D-F-G-H-K-L,M82,H
B-C-D-F-G-H-K-L,M85,G
B-C-D-F-G-H-K-L,M87,L
B-C-D-F-G-H-J-L,M74,D
B-C-D-F-G-H-J-L,M77,F
B-C-D-F-G-H-J-L,M79,C
B-C-D-F-G-H-J-L,M80,J
B-C-D-F-G-H-J-L,M81,B
B-C-D-F-G-H-J-L,M82,H
B-C-D-F-G-H-J-L,M85,G
B-C-D-F-G-H-J-L,M87,L
B-C-D-F-G-H-J-K,M74,C
B-C-D-F-G-H-J-K,M77,F
B-C-D-F-G-H-J-K,M79,H
B-C-D-F-G-H-J-K,M80,K
B-C-D-F-G-H-J-K,M81,B
B-C-D-F-G-H-J-K,M82,J
B-C-D-F-G-H-J-K,M85,G
B-C-D-F-G-H-J-K,M87,D
B-C-D-F-G-H-I-L,M74,D
B-C-D-F-G-H-I-L,M77,F
B-C-D-F-G-H-I-L,M79,C
B-C-D-F-G-H-I-L,M80,I
B-C-D-F-G-H-I-L,M81,B
B-C-D-F-G-H-I-L,M82,H
B-C-D-F-G-H-I-L,M85,G
B-C-D-F-G-H-I-L,M87,L
B-C-D-F-G-H-I-K,M74,D
B-C-D-F-G-H-I-K,M77,F
B-C-D-F-G-H-I-K,M79,C
B-C-D-F-G-H-I-K,M80,K
B-C-D-F-G-H-I-K,M81,B
B-C-D-F-G-H-I-K,M82,H
B-C-D-F-G-H-I-K,M85,G
B-C-D-F-G-H-I-K,M87,I
B-C-D-F-G-H-I-J,M74,C
B-C-D-F-G-H-I-J,M77,F
B-C-D-F-G-H-I-J,M79,H
B-C-D-F-G-H-I-J,M80,I
B-C-D-F-G-H-I-J,M81,B
B-C-D-F-G-H-I-J,M82,J
B-C-D-F-G-H-I-J,M85,G
B-C-D-F-G-H-I-J,M87,D
B-C-D-E-I-J-K-L,M74,C
B-C-D-E-I-J-K-L,M77,D
B-C-D-E-I-J-K-L,M79,E
B-C-D-E-I-J-K-L,M80,K
B-C-D-E-I-J-K-L,M81,B
B-C-D-E-I-J-K-L,M82,I
B-C-D-E-I-J-K-L,M85,J
B-C-D-E-I-J-K-L,M87,L
B-C-D-E-H-J-K-L,M74,C
B-C-D-E-H-J-K-L,M77,D
B-C-D-E-H-J-K-L,M79,E
B-C-D-E-H-J-K-L,M80,K
B-C-D-E-H-J-K-L,M81,B
B-C-D-E-H-J-K-L,M82,H
B-C-D-E-H-J-K-L,M85,J
B-C-D-E-H-J-K-L,M87,L
B-C-D-E-H-I-K-L,M74,C
B-C-D-E-H-I-K-L,M77,D
B-C-D-E-H-I-K-L,M79,E
B-C-D-E-H-I-K-L,M80,K
B-C-D-E-H-I-K-L,M81,B
B-C-D-E-H-I-K-L,M82,H
B-C-D-E-H-I-K-L,M85,I
B-C-D-E-H-I-K-L,M87,L
B-C-D-E-H-I-J-L,M74,C
B-C-D-E-H-I-J-L,M77,D
B-C-D-E-H-I-J-L,M79,E
B-C-D-E-H-I-J-L,M80,I
B-C-D-E-H-I-J-L,M81,B
B-C-D-E-H-I-J-L,M82,H
B-C-D-E-H-I-J-L,M85,J
B-C-D-E-H-I-J-L,M87,L
B-C-D-E-H-I-J-K,M74,C
B-C-D-E-H-I-J-K,M77,D
B-C-D-E-H-I-J-K,M79,E
B-C-D-E-H-I-J-K,M80,K
B-C-D-E-H-I-J-K,M81,B
B-C-D-E-H-I-J-K,M82,H
B-C-D-E-H-I-J-K,M85,J
B-C-D-E-H-I-J-K,M87,I
B-C-D-E-G-J-K-L,M74,C
B-C-D-E-G-J-K-L,M77,D
B-C-D-E-G-J-K-L,M79,E
B-C-D-E-G-J-K-L,M80,K
B-C-D-E-G-J-K-L,M81,B
B-C-D-E-G-J-K-L,M82,J
B-C-D-E-G-J-K-L,M85,G
B-C-D-E-G-J-K-L,M87,L
B-C-D-E-G-I-K-L,M74,C
B-C-D-E-G-I-K-L,M77,D
B-C-D-E-G-I-K-L,M79,E
B-C-D-E-G-I-K-L,M80,K
B-C-D-E-G-I-K-L,M81,B
B-C-D-E-G-I-K-L,M82,I
B-C-D-E-G-I-K-L,M85,G
B-C-D-E-G-I-K-L,M87,L
B-C-D-E-G-I-J-L,M74,C
B-C-D-E-G-I-J-L,M77,D
B-C-D-E-G-I-J-L,M79,E
B-C-D-E-G-I-J-L,M80,I
B-C-D-E-G-I-J-L,M81,B
B-C-D-E-G-I-J-L,M82,J
B-C-D-E-G-I-J-L,M85,G
B-C-D-E-G-I-J-L,M87,L
B-C-D-E-G-I-J-K,M74,C
B-C-D-E-G-I-J-K,M77,D
B-C-D-E-G-I-J-K,M79,E
B-C-D-E-G-I-J-K,M80,K
B-C-D-E-G-I-J-K,M81,B
B-C-D-E-G-I-J-K,M82,J
B-C-D-E-G-I-J-K,M85,G
B-C-D-E-G-I-J-K,M87,I
B-C-D-E-G-H-K-L,M74,C
B-C-D-E-G-H-K-L,M77,D
B-C-D-E-G-H-K-L,M79,E
B-C-D-E-G-H-K-L,M80,K
B-C-D-E-G-H-K-L,M81,B
B-C-D-E-G-H-K-L,M82,H
B-C-D-E-G-H-K-L,M85,G
B-C-D-E-G-H-K-L,M87,L
B-C-D-E-G-H-J-L,M74,C
B-C-D-E-G-H-J-L,M77,D
B-C-D-E-G-H-J-L,M79,H
B-C-D-E-G-H-J-L,M80,E
B-C-D-E-G-H-J-L,M81,B
B-C-D-E-G-H-J-L,M82,J
B-C-D-E-G-H-J-L,M85,G
B-C-D-E-G-H-J-L,M87,L
B-C-D-E-G-H-J-K,M74,C
B-C-D-E-G-H-J-K,M77,D
B-C-D-E-G-H-J-K,M79,H
B-C-D-E-G-H-J-K,M80,K
B-C-D-E-G-H-J-K,M81,B
B-C-D-E-G-H-J-K,M82,J
B-C-D-E-G-H-J-K,M85,G
B-C-D-E-G-H-J-K,M87,E
B-C-D-E-G-H-I-L,M74,C
B-C-D-E-G-H-I-L,M77,D
B-C-D-E-G-H-I-L,M79,E
B-C-D-E-G-H-I-L,M80,I
B-C-D-E-G-H-I-L,M81,B
B-C-D-E-G-H-I-L,M82,H
B-C-D-E-G-H-I-L,M85,G
B-C-D-E-G-H-I-L,M87,L
B-C-D-E-G-H-I-K,M74,C
B-C-D-E-G-H-I-K,M77,D
B-C-D-E-G-H-I-K,M79,E
B-C-D-E-G-H-I-K,M80,K
B-C-D-E-G-H-I-K,M81,B
B-C-D-E-G-H-I-K,M82,H
B-C-D-E-G-H-I-K,M85,G
B-C-D-E-G-H-I-K,M87,I
B-C-D-E-G-H-I-J,M74,C
B-C-D-E-G-H-I-J,M77,D
B-C-D-E-G-H-I-J,M79,H
B-C-D-E-G-H-I-J,M80,I
B-C-D-E-G-H-I-J,M81,B
B-C-D-E-G-H-I-J,M82,J
B-C-D-E-G-H-I-J,M85,G
B-C-D-E-G-H-I-J,M87,E
B-C-D-E-F-J-K-L,M74,D
B-C-D-E-F-J-K-L,M77,F
B-C-D-E-F-J-K-L,M79,C
B-C-D-E-F-J-K-L,M80,K
B-C-D-E-F-J-K-L,M81,B
B-C-D-E-F-J-K-L,M82,E
B-C-D-E-F-J-K-L,M85,J
B-C-D-E-F-J-K-L,M87,L
B-C-D-E-F-I-K-L,M74,D
B-C-D-E-F-I-K-L,M77,F
B-C-D-E-F-I-K-L,M79,C
B-C-D-E-F-I-K-L,M80,K
B-C-D-E-F-I-K-L,M81,B
B-C-D-E-F-I-K-L,M82,I
B-C-D-E-F-I-K-L,M85,E
B-C-D-E-F-I-K-L,M87,L
B-C-D-E-F-I-J-L,M74,D
B-C-D-E-F-I-J-L,M77,F
B-C-D-E-F-I-J-L,M79,C
B-C-D-E-F-I-J-L,M80,I
B-C-D-E-F-I-J-L,M81,B
B-C-D-E-F-I-J-L,M82,E
B-C-D-E-F-I-J-L,M85,J
B-C-D-E-F-I-J-L,M87,L
B-C-D-E-F-I-J-K,M74,D
B-C-D-E-F-I-J-K,M77,F
B-C-D-E-F-I-J-K,M79,C
B-C-D-E-F-I-J-K,M80,K
B-C-D-E-F-I-J-K,M81,B
B-C-D-E-F-I-J-K,M82,E
B-C-D-E-F-I-J-K,M85,J
B-C-D-E-F-I-J-K,M87,I
B-C-D-E-F-H-K-L,M74,D
B-C-D-E-F-H-K-L,M77,F
B-C-D-E-F-H-K-L,M79,C
B-C-D-E-F-H-K-L,M80,K
B-C-D-E-F-H-K-L,M81,B
B-C-D-E-F-H-K-L,M82,H
B-C-D-E-F-H-K-L,M85,E
B-C-D-E-F-H-K-L,M87,L
B-C-D-E-F-H-J-L,M74,D
B-C-D-E-F-H-J-L,M77,F
B-C-D-E-F-H-J-L,M79,C
B-C-D-E-F-H-J-L,M80,E
B-C-D-E-F-H-J-L,M81,B
B-C-D-E-F-H-J-L,M82,H
B-C-D-E-F-H-J-L,M85,J
B-C-D-E-F-H-J-L,M87,L
B-C-D-E-F-H-J-K,M74,D
B-C-D-E-F-H-J-K,M77,F
B-C-D-E-F-H-J-K,M79,C
B-C-D-E-F-H-J-K,M80,K
B-C-D-E-F-H-J-K,M81,B
B-C-D-E-F-H-J-K,M82,H
B-C-D-E-F-H-J-K,M85,J
B-C-D-E-F-H-J-K,M87,E
B-C-D-E-F-H-I-L,M74,D
B-C-D-E-F-H-I-L,M77,F
B-C-D-E-F-H-I-L,M79,C
B-C-D-E-F-H-I-L,M80,I
B-C-D-E-F-H-I-L,M81,B
B-C-D-E-F-H-I-L,M82,H
B-C-D-E-F-H-I-L,M85,E
B-C-D-E-F-H-I-L,M87,L
B-C-D-E-F-H-I-K,M74,D
B-C-D-E-F-H-I-K,M77,F
B-C-D-E-F-H-I-K,M79,C
B-C-D-E-F-H-I-K,M80,K
B-C-D-E-F-H-I-K,M81,B
B-C-D-E-F-H-I-K,M82,H
B-C-D-E-F-H-I-K,M85,E
B-C-D-E-F-H-I-K,M87,I
B-C-D-E-F-H-I-J,M74,D
B-C-D-E-F-H-I-J,M77,F
B-C-D-E-F-H-I-J,M79,C
B-C-D-E-F-H-I-J,M80,I
B-C-D-E-F-H-I-J,M81,B
B-C-D-E-F-H-I-J,M82,H
B-C-D-E-F-H-I-J,M85,J
B-C-D-E-F-H-I-J,M87,E
B-C-D-E-F-G-K-L,M74,D
B-C-D-E-F-G-K-L,M77,F
B-C-D-E-F-G-K-L,M79,C
B-C-D-E-F-G-K-L,M80,K
B-C-D-E-F-G-K-L,M81,B
B-C-D-E-F-G-K-L,M82,E
B-C-D-E-F-G-K-L,M85,G
B-C-D-E-F-G-K-L,M87,L
B-C-D-E-F-G-J-L,M74,D
B-C-D-E-F-G-J-L,M77,F
B-C-D-E-F-G-J-L,M79,C
B-C-D-E-F-G-J-L,M80,E
B-C-D-E-F-G-J-L,M81,B
B-C-D-E-F-G-J-L,M82,J
B-C-D-E-F-G-J-L,M85,G
B-C-D-E-F-G-J-L,M87,L
B-C-D-E-F-G-J-K,M74,D
B-C-D-E-F-G-J-K,M77,F
B-C-D-E-F-G-J-K,M79,C
B-C-D-E-F-G-J-K,M80,K
B-C-D-E-F-G-J-K,M81,B
B-C-D-E-F-G-J-K,M82,J
B-C-D-E-F-G-J-K,M85,G
B-C-D-E-F-G-J-K,M87,E
B-C-D-E-F-G-I-L,M74,D
B-C-D-E-F-G-I-L,M77,F
B-C-D-E-F-G-I-L,M79,C
B-C-D-E-F-G-I-L,M80,I
B-C-D-E-F-G-I-L,M81,B
B-C-D-E-F-G-I-L,M82,E
B-C-D-E-F-G-I-L,M85,G
B-C-D-E-F-G-I-L,M87,L
B-C-D-E-F-G-I-K,M74,D
B-C-D-E-F-G-I-K,M77,F
B-C-D-E-F-G-I-K,M79,C
B-C-D-E-F-G-I-K,M80,K
B-C-D-E-F-G-I-K,M81,B
B-C-D-E-F-G-I-K,M82,E
B-C-D-E-F-G-I-K,M85,G
B-C-D-E-F-G-I-K,M87,I
B-C-D-E-F-G-I-J,M74,D
B-C-D-E-F-G-I-J,M77,F
B-C-D-E-F-G-I-J,M79,C
B-C-D-E-F-G-I-J,M80,I
B-C-D-E-F-G-I-J,M81,B
B-C-D-E-F-G-I-J,M82,J
B-C-D-E-F-G-I-J,M85,G
B-C-D-E-F-G-I-J,M87,E
B-C-D-E-F-G-H-L,M74,D
B-C-D-E-F-G-H-L,M77,F
B-C-D-E-F-G-H-L,M79,C
B-C-D-E-F-G-H-L,M80,E
B-C-D-E-F-G-H-L,M81,B
B-C-D-E-F-G-H-L,M82,H
B-C-D-E-F-G-H-L,M85,G
B-C-D-E-F-G-H-L,M87,L
B-C-D-E-F-G-H-K,M74,D
B-C-D-E-F-G-H-K,M77,F
B-C-D-E-F-G-H-K,M79,C
B-C-D-E-F-G-H-K,M80,K
B-C-D-E-F-G-H-K,M81,B
B-C-D-E-F-G-H-K,M82,H
B-C-D-E-F-G-H-K,M85,G
B-C-D-E-F-G-H-K,M87,E
B-C-D-E-F-G-H-J,M74,C
B-C-D-E-F-G-H-J,M77,F
B-C-D-E-F-G-H-J,M79,H
B-C-D-E-F-G-H-J,M80,E
B-C-D-E-F-G-H-J,M81,B
B-C-D-E-F-G-H-J,M82,J
B-C-D-E-F-G-H-J,M85,G
B-C-D-E-F-G-H-J,M87,D
B-C-D-E-F-G-H-I,M74,D
B-C-D-E-F-G-H-I,M77,F
B-C-D-E-F-G-H-I,M79,C
B-C-D-E-F-G-H-I,M80,I
B-C-D-E-F-G-H-I,M81,B
B-C-D-E-F-G-H-I,M82,H
B-C-D-E-F-G-H-I,M85,G
B-C-D-E-F-G-H-I,M87,E
A-F-G-H-I-J-K-L,M74,F
A-F-G-H-I-J-K-L,M77,G
A-F-G-H-I-J-K-L,M79,H
A-F-G-H-I-J-K-L,M80,K
A-F-G-H-I-J-K-L,M81,I
A-F-G-H-I-J-K-L,M82,A
A-F-G-H-I-J-K-L,M85,J
A-F-G-H-I-J-K-L,M87,L
A-E-G-H-I-J-K-L,M74,A
A-E-G-H-I-J-K-L,M77,G
A-E-G-H-I-J-K-L,M79,E
A-E-G-H-I-J-K-L,M80,K
A-E-G-H-I-J-K-L,M81,I
A-E-G-H-I-J-K-L,M82,H
A-E-G-H-I-J-K-L,M85,J
A-E-G-H-I-J-K-L,M87,L
A-E-F-H-I-J-K-L,M74,F
A-E-F-H-I-J-K-L,M77,H
A-E-F-H-I-J-K-L,M79,E
A-E-F-H-I-J-K-L,M80,K
A-E-F-H-I-J-K-L,M81,I
A-E-F-H-I-J-K-L,M82,A
A-E-F-H-I-J-K-L,M85,J
A-E-F-H-I-J-K-L,M87,L
A-E-F-G-I-J-K-L,M74,F
A-E-F-G-I-J-K-L,M77,G
A-E-F-G-I-J-K-L,M79,E
A-E-F-G-I-J-K-L,M80,K
A-E-F-G-I-J-K-L,M81,I
A-E-F-G-I-J-K-L,M82,A
A-E-F-G-I-J-K-L,M85,J
A-E-F-G-I-J-K-L,M87,L
A-E-F-G-H-J-K-L,M74,F
A-E-F-G-H-J-K-L,M77,H
A-E-F-G-H-J-K-L,M79,E
A-E-F-G-H-J-K-L,M80,K
A-E-F-G-H-J-K-L,M81,J
A-E-F-G-H-J-K-L,M82,A
A-E-F-G-H-J-K-L,M85,G
A-E-F-G-H-J-K-L,M87,L
A-E-F-G-H-I-K-L,M74,F
A-E-F-G-H-I-K-L,M77,H
A-E-F-G-H-I-K-L,M79,E
A-E-F-G-H-I-K-L,M80,K
A-E-F-G-H-I-K-L,M81,I
A-E-F-G-H-I-K-L,M82,A
A-E-F-G-H-I-K-L,M85,G
A-E-F-G-H-I-K-L,M87,L
A-E-F-G-H-I-J-L,M74,F
A-E-F-G-H-I-J-L,M77,H
A-E-F-G-H-I-J-L,M79,E
A-E-F-G-H-I-J-L,M80,I
A-E-F-G-H-I-J-L,M81,J
A-E-F-G-H-I-J-L,M82,A
A-E-F-G-H-I-J-L,M85,G
A-E-F-G-H-I-J-L,M87,L
A-E-F-G-H-I-J-K,M74,F
A-E-F-G-H-I-J-K,M77,H
A-E-F-G-H-I-J-K,M79,E
A-E-F-G-H-I-J-K,M80,K
A-E-F-G-H-I-J-K,M81,J
A-E-F-G-H-I-J-K,M82,A
A-E-F-G-H-I-J-K,M85,G
A-E-F-G-H-I-J-K,M87,I
A-D-G-H-I-J-K-L,M74,D
A-D-G-H-I-J-K-L,M77,G
A-D-G-H-I-J-K-L,M79,H
A-D-G-H-I-J-K-L,M80,K
A-D-G-H-I-J-K-L,M81,I
A-D-G-H-I-J-K-L,M82,A
A-D-G-H-I-J-K-L,M85,J
A-D-G-H-I-J-K-L,M87,L
A-D-F-H-I-J-K-L,M74,D
A-D-F-H-I-J-K-L,M77,F
A-D-F-H-I-J-K-L,M79,H
A-D-F-H-I-J-K-L,M80,K
A-D-F-H-I-J-K-L,M81,I
A-D-F-H-I-J-K-L,M82,A
A-D-F-H-I-J-K-L,M85,J
A-D-F-H-I-J-K-L,M87,L
A-D-F-G-I-J-K-L,M74,D
A-D-F-G-I-J-K-L,M77,F
A-D-F-G-I-J-K-L,M79,I
A-D-F-G-I-J-K-L,M80,K
A-D-F-G-I-J-K-L,M81,J
A-D-F-G-I-J-K-L,M82,A
A-D-F-G-I-J-K-L,M85,G
A-D-F-G-I-J-K-L,M87,L
A-D-F-G-H-J-K-L,M74,D
A-D-F-G-H-J-K-L,M77,F
A-D-F-G-H-J-K-L,M79,H
A-D-F-G-H-J-K-L,M80,K
A-D-F-G-H-J-K-L,M81,J
A-D-F-G-H-J-K-L,M82,A
A-D-F-G-H-J-K-L,M85,G
A-D-F-G-H-J-K-L,M87,L
A-D-F-G-H-I-K-L,M74,D
A-D-F-G-H-I-K-L,M77,F
A-D-F-G-H-I-K-L,M79,H
A-D-F-G-H-I-K-L,M80,K
A-D-F-G-H-I-K-L,M81,I
A-D-F-G-H-I-K-L,M82,A
A-D-F-G-H-I-K-L,M85,G
A-D-F-G-H-I-K-L,M87,L
A-D-F-G-H-I-J-L,M74,D
A-D-F-G-H-I-J-L,M77,F
A-D-F-G-H-I-J-L,M79,H
A-D-F-G-H-I-J-L,M80,I
A-D-F-G-H-I-J-L,M81,J
A-D-F-G-H-I-J-L,M82,A
A-D-F-G-H-I-J-L,M85,G
A-D-F-G-H-I-J-L,M87,L
A-D-F-G-H-I-J-K,M74,D
A-D-F-G-H-I-J-K,M77,F
A-D-F-G-H-I-J-K,M79,H
A-D-F-G-H-I-J-K,M80,K
A-D-F-G-H-I-J-K,M81,J
A-D-F-G-H-I-J-K,M82,A
A-D-F-G-H-I-J-K,M85,G
A-D-F-G-H-I-J-K,M87,I
A-D-E-H-I-J-K-L,M74,D
A-D-E-H-I-J-K-L,M77,H
A-D-E-H-I-J-K-L,M79,E
A-D-E-H-I-J-K-L,M80,K
A-D-E-H-I-J-K-L,M81,I
A-D-E-H-I-J-K-L,M82,A
A-D-E-H-I-J-K-L,M85,J
A-D-E-H-I-J-K-L,M87,L
A-D-E-G-I-J-K-L,M74,D
A-D-E-G-I-J-K-L,M77,G
A-D-E-G-I-J-K-L,M79,E
A-D-E-G-I-J-K-L,M80,K
A-D-E-G-I-J-K-L,M81,I
A-D-E-G-I-J-K-L,M82,A
A-D-E-G-I-J-K-L,M85,J
A-D-E-G-I-J-K-L,M87,L
A-D-E-G-H-J-K-L,M74,D
A-D-E-G-H-J-K-L,M77,H
A-D-E-G-H-J-K-L,M79,E
A-D-E-G-H-J-K-L,M80,K
A-D-E-G-H-J-K-L,M81,J
A-D-E-G-H-J-K-L,M82,A
A-D-E-G-H-J-K-L,M85,G
A-D-E-G-H-J-K-L,M87,L
A-D-E-G-H-I-K-L,M74,D
A-D-E-G-H-I-K-L,M77,H
A-D-E-G-H-I-K-L,M79,E
A-D-E-G-H-I-K-L,M80,K
A-D-E-G-H-I-K-L,M81,I
A-D-E-G-H-I-K-L,M82,A
A-D-E-G-H-I-K-L,M85,G
A-D-E-G-H-I-K-L,M87,L
A-D-E-G-H-I-J-L,M74,D
A-D-E-G-H-I-J-L,M77,H
A-D-E-G-H-I-J-L,M79,E
A-D-E-G-H-I-J-L,M80,I
A-D-E-G-H-I-J-L,M81,J
A-D-E-G-H-I-J-L,M82,A
A-D-E-G-H-I-J-L,M85,G
A-D-E-G-H-I-J-L,M87,L
A-D-E-G-H-I-J-K,M74,D
A-D-E-G-H-I-J-K,M77,H
A-D-E-G-H-I-J-K,M79,E
A-D-E-G-H-I-J-K,M80,K
A-D-E-G-H-I-J-K,M81,J
A-D-E-G-H-I-J-K,M82,A
A-D-E-G-H-I-J-K,M85,G
A-D-E-G-H-I-J-K,M87,I
A-D-E-F-I-J-K-L,M74,D
A-D-E-F-I-J-K-L,M77,F
A-D-E-F-I-J-K-L,M79,E
A-D-E-F-I-J-K-L,M80,K
A-D-E-F-I-J-K-L,M81,I
A-D-E-F-I-J-K-L,M82,A
A-D-E-F-I-J-K-L,M85,J
A-D-E-F-I-J-K-L,M87,L
A-D-E-F-H-J-K-L,M74,D
A-D-E-F-H-J-K-L,M77,F
A-D-E-F-H-J-K-L,M79,H
A-D-E-F-H-J-K-L,M80,K
A-D-E-F-H-J-K-L,M81,E
A-D-E-F-H-J-K-L,M82,A
A-D-E-F-H-J-K-L,M85,J
A-D-E-F-H-J-K-L,M87,L
A-D-E-F-H-I-K-L,M74,D
A-D-E-F-H-I-K-L,M77,F
A-D-E-F-H-I-K-L,M79,H
A-D-E-F-H-I-K-L,M80,K
A-D-E-F-H-I-K-L,M81,I
A-D-E-F-H-I-K-L,M82,A
A-D-E-F-H-I-K-L,M85,E
A-D-E-F-H-I-K-L,M87,L
A-D-E-F-H-I-J-L,M74,D
A-D-E-F-H-I-J-L,M77,F
A-D-E-F-H-I-J-L,M79,H
A-D-E-F-H-I-J-L,M80,I
A-D-E-F-H-I-J-L,M81,E
A-D-E-F-H-I-J-L,M82,A
A-D-E-F-H-I-J-L,M85,J
A-D-E-F-H-I-J-L,M87,L
A-D-E-F-H-I-J-K,M74,D
A-D-E-F-H-I-J-K,M77,F
A-D-E-F-H-I-J-K,M79,H
A-D-E-F-H-I-J-K,M80,K
A-D-E-F-H-I-J-K,M81,E
A-D-E-F-H-I-J-K,M82,A
A-D-E-F-H-I-J-K,M85,J
A-D-E-F-H-I-J-K,M87,I
A-D-E-F-G-J-K-L,M74,D
A-D-E-F-G-J-K-L,M77,F
A-D-E-F-G-J-K-L,M79,E
A-D-E-F-G-J-K-L,M80,K
A-D-E-F-G-J-K-L,M81,J
A-D-E-F-G-J-K-L,M82,A
A-D-E-F-G-J-K-L,M85,G
A-D-E-F-G-J-K-L,M87,L
A-D-E-F-G-I-K-L,M74,D
A-D-E-F-G-I-K-L,M77,F
A-D-E-F-G-I-K-L,M79,E
A-D-E-F-G-I-K-L,M80,K
A-D-E-F-G-I-K-L,M81,I
A-D-E-F-G-I-K-L,M82,A
A-D-E-F-G-I-K-L,M85,G
A-D-E-F-G-I-K-L,M87,L
A-D-E-F-G-I-J-L,M74,D
A-D-E-F-G-I-J-L,M77,F
A-D-E-F-G-I-J-L,M79,E
A-D-E-F-G-I-J-L,M80,I
A-D-E-F-G-I-J-L,M81,J
A-D-E-F-G-I-J-L,M82,A
A-D-E-F-G-I-J-L,M85,G
A-D-E-F-G-I-J-L,M87,L
A-D-E-F-G-I-J-K,M74,D
A-D-E-F-G-I-J-K,M77,F
A-D-E-F-G-I-J-K,M79,E
A-D-E-F-G-I-J-K,M80,K
A-D-E-F-G-I-J-K,M81,J
A-D-E-F-G-I-J-K,M82,A
A-D-E-F-G-I-J-K,M85,G
A-D-E-F-G-I-J-K,M87,I
A-D-E-F-G-H-K-L,M74,D
A-D-E-F-G-H-K-L,M77,F
A-D-E-F-G-H-K-L,M79,H
A-D-E-F-G-H-K-L,M80,K
A-D-E-F-G-H-K-L,M81,E
A-D-E-F-G-H-K-L,M82,A
A-D-E-F-G-H-K-L,M85,G
A-D-E-F-G-H-K-L,M87,L
A-D-E-F-G-H-J-L,M74,D
A-D-E-F-G-H-J-L,M77,F
A-D-E-F-G-H-J-L,M79,H
A-D-E-F-G-H-J-L,M80,E
A-D-E-F-G-H-J-L,M81,J
A-D-E-F-G-H-J-L,M82,A
A-D-E-F-G-H-J-L,M85,G
A-D-E-F-G-H-J-L,M87,L
A-D-E-F-G-H-J-K,M74,D
A-D-E-F-G-H-J-K,M77,F
A-D-E-F-G-H-J-K,M79,H
A-D-E-F-G-H-J-K,M80,K
A-D-E-F-G-H-J-K,M81,J
A-D-E-F-G-H-J-K,M82,A
A-D-E-F-G-H-J-K,M85,G
A-D-E-F-G-H-J-K,M87,E
A-D-E-F-G-H-I-L,M74,D
A-D-E-F-G-H-I-L,M77,F
A-D-E-F-G-H-I-L,M79,H
A-D-E-F-G-H-I-L,M80,I
A-D-E-F-G-H-I-L,M81,E
A-D-E-F-G-H-I-L,M82,A
A-D-E-F-G-H-I-L,M85,G
A-D-E-F-G-H-I-L,M87,L
A-D-E-F-G-H-I-K,M74,D
A-D-E-F-G-H-I-K,M77,F
A-D-E-F-G-H-I-K,M79,H
A-D-E-F-G-H-I-K,M80,K
A-D-E-F-G-H-I-K,M81,E
A-D-E-F-G-H-I-K,M82,A
A-D-E-F-G-H-I-K,M85,G
A-D-E-F-G-H-I-K,M87,I
A-D-E-F-G-H-I-J,M74,D
A-D-E-F-G-H-I-J,M77,F
A-D-E-F-G-H-I-J,M79,H
A-D-E-F-G-H-I-J,M80,I
A-D-E-F-G-H-I-J,M81,J
A-D-E-F-G-H-I-J,M82,A
A-D-E-F-G-H-I-J,M85,G
A-D-E-F-G-H-I-J,M87,E
A-C-G-H-I-J-K-L,M74,C
A-C-G-H-I-J-K-L,M77,G
A-C-G-H-I-J-K-L,M79,H
A-C-G-H-I-J-K-L,M80,K
A-C-G-H-I-J-K-L,M81,I
A-C-G-H-I-J-K-L,M82,A
A-C-G-H-I-J-K-L,M85,J
A-C-G-H-I-J-K-L,M87,L
A-C-F-H-I-J-K-L,M74,C
A-C-F-H-I-J-K-L,M77,F
A-C-F-H-I-J-K-L,M79,H
A-C-F-H-I-J-K-L,M80,K
A-C-F-H-I-J-K-L,M81,I
A-C-F-H-I-J-K-L,M82,A
A-C-F-H-I-J-K-L,M85,J
A-C-F-H-I-J-K-L,M87,L
A-C-F-G-I-J-K-L,M74,C
A-C-F-G-I-J-K-L,M77,F
A-C-F-G-I-J-K-L,M79,I
A-C-F-G-I-J-K-L,M80,K
A-C-F-G-I-J-K-L,M81,J
A-C-F-G-I-J-K-L,M82,A
A-C-F-G-I-J-K-L,M85,G
A-C-F-G-I-J-K-L,M87,L
A-C-F-G-H-J-K-L,M74,C
A-C-F-G-H-J-K-L,M77,F
A-C-F-G-H-J-K-L,M79,H
A-C-F-G-H-J-K-L,M80,K
A-C-F-G-H-J-K-L,M81,J
A-C-F-G-H-J-K-L,M82,A
A-C-F-G-H-J-K-L,M85,G
A-C-F-G-H-J-K-L,M87,L
A-C-F-G-H-I-K-L,M74,C
A-C-F-G-H-I-K-L,M77,F
A-C-F-G-H-I-K-L,M79,H
A-C-F-G-H-I-K-L,M80,K
A-C-F-G-H-I-K-L,M81,I
A-C-F-G-H-I-K-L,M82,A
A-C-F-G-H-I-K-L,M85,G
A-C-F-G-H-I-K-L,M87,L
A-C-F-G-H-I-J-L,M74,C
A-C-F-G-H-I-J-L,M77,F
A-C-F-G-H-I-J-L,M79,H
A-C-F-G-H-I-J-L,M80,I
A-C-F-G-H-I-J-L,M81,J
A-C-F-G-H-I-J-L,M82,A
A-C-F-G-H-I-J-L,M85,G
A-C-F-G-H-I-J-L,M87,L
A-C-F-G-H-I-J-K,M74,C
A-C-F-G-H-I-J-K,M77,F
A-C-F-G-H-I-J-K,M79,H
A-C-F-G-H-I-J-K,M80,K
A-C-F-G-H-I-J-K,M81,J
A-C-F-G-H-I-J-K,M82,A
A-C-F-G-H-I-J-K,M85,G
A-C-F-G-H-I-J-K,M87,I
A-C-E-H-I-J-K-L,M74,C
A-C-E-H-I-J-K-L,M77,H
A-C-E-H-I-J-K-L,M79,E
A-C-E-H-I-J-K-L,M80,K
A-C-E-H-I-J-K-L,M81,I
A-C-E-H-I-J-K-L,M82,A
A-C-E-H-I-J-K-L,M85,J
A-C-E-H-I-J-K-L,M87,L
A-C-E-G-I-J-K-L,M74,C
A-C-E-G-I-J-K-L,M77,G
A-C-E-G-I-J-K-L,M79,E
A-C-E-G-I-J-K-L,M80,K
A-C-E-G-I-J-K-L,M81,I
A-C-E-G-I-J-K-L,M82,A
A-C-E-G-I-J-K-L,M85,J
A-C-E-G-I-J-K-L,M87,L
A-C-E-G-H-J-K-L,M74,C
A-C-E-G-H-J-K-L,M77,H
A-C-E-G-H-J-K-L,M79,E
A-C-E-G-H-J-K-L,M80,K
A-C-E-G-H-J-K-L,M81,J
A-C-E-G-H-J-K-L,M82,A
A-C-E-G-H-J-K-L,M85,G
A-C-E-G-H-J-K-L,M87,L
A-C-E-G-H-I-K-L,M74,C
A-C-E-G-H-I-K-L,M77,H
A-C-E-G-H-I-K-L,M79,E
A-C-E-G-H-I-K-L,M80,K
A-C-E-G-H-I-K-L,M81,I
A-C-E-G-H-I-K-L,M82,A
A-C-E-G-H-I-K-L,M85,G
A-C-E-G-H-I-K-L,M87,L
A-C-E-G-H-I-J-L,M74,C
A-C-E-G-H-I-J-L,M77,H
A-C-E-G-H-I-J-L,M79,E
A-C-E-G-H-I-J-L,M80,I
A-C-E-G-H-I-J-L,M81,J
A-C-E-G-H-I-J-L,M82,A
A-C-E-G-H-I-J-L,M85,G
A-C-E-G-H-I-J-L,M87,L
A-C-E-G-H-I-J-K,M74,C
A-C-E-G-H-I-J-K,M77,H
A-C-E-G-H-I-J-K,M79,E
A-C-E-G-H-I-J-K,M80,K
A-C-E-G-H-I-J-K,M81,J
A-C-E-G-H-I-J-K,M82,A
A-C-E-G-H-I-J-K,M85,G
A-C-E-G-H-I-J-K,M87,I
A-C-E-F-I-J-K-L,M74,C
A-C-E-F-I-J-K-L,M77,F
A-C-E-F-I-J-K-L,M79,E
A-C-E-F-I-J-K-L,M80,K
A-C-E-F-I-J-K-L,M81,I
A-C-E-F-I-J-K-L,M82,A
A-C-E-F-I-J-K-L,M85,J
A-C-E-F-I-J-K-L,M87,L
A-C-E-F-H-J-K-L,M74,C
A-C-E-F-H-J-K-L,M77,F
A-C-E-F-H-J-K-L,M79,H
A-C-E-F-H-J-K-L,M80,K
A-C-E-F-H-J-K-L,M81,E
A-C-E-F-H-J-K-L,M82,A
A-C-E-F-H-J-K-L,M85,J
A-C-E-F-H-J-K-L,M87,L
A-C-E-F-H-I-K-L,M74,C
A-C-E-F-H-I-K-L,M77,F
A-C-E-F-H-I-K-L,M79,H
A-C-E-F-H-I-K-L,M80,K
A-C-E-F-H-I-K-L,M81,I
A-C-E-F-H-I-K-L,M82,A
A-C-E-F-H-I-K-L,M85,E
A-C-E-F-H-I-K-L,M87,L
A-C-E-F-H-I-J-L,M74,C
A-C-E-F-H-I-J-L,M77,F
A-C-E-F-H-I-J-L,M79,H
A-C-E-F-H-I-J-L,M80,I
A-C-E-F-H-I-J-L,M81,E
A-C-E-F-H-I-J-L,M82,A
A-C-E-F-H-I-J-L,M85,J
A-C-E-F-H-I-J-L,M87,L
A-C-E-F-H-I-J-K,M74,C
A-C-E-F-H-I-J-K,M77,F
A-C-E-F-H-I-J-K,M79,H
A-C-E-F-H-I-J-K,M80,K
A-C-E-F-H-I-J-K,M81,E
A-C-E-F-H-I-J-K,M82,A
A-C-E-F-H-I-J-K,M85,J
A-C-E-F-H-I-J-K,M87,I
A-C-E-F-G-J-K-L,M74,C
A-C-E-F-G-J-K-L,M77,F
A-C-E-F-G-J-K-L,M79,E
A-C-E-F-G-J-K-L,M80,K
A-C-E-F-G-J-K-L,M81,J
A-C-E-F-G-J-K-L,M82,A
A-C-E-F-G-J-K-L,M85,G
A-C-E-F-G-J-K-L,M87,L
A-C-E-F-G-I-K-L,M74,C
A-C-E-F-G-I-K-L,M77,F
A-C-E-F-G-I-K-L,M79,E
A-C-E-F-G-I-K-L,M80,K
A-C-E-F-G-I-K-L,M81,I
A-C-E-F-G-I-K-L,M82,A
A-C-E-F-G-I-K-L,M85,G
A-C-E-F-G-I-K-L,M87,L
A-C-E-F-G-I-J-L,M74,C
A-C-E-F-G-I-J-L,M77,F
A-C-E-F-G-I-J-L,M79,E
A-C-E-F-G-I-J-L,M80,I
A-C-E-F-G-I-J-L,M81,J
A-C-E-F-G-I-J-L,M82,A
A-C-E-F-G-I-J-L,M85,G
A-C-E-F-G-I-J-L,M87,L
A-C-E-F-G-I-J-K,M74,C
A-C-E-F-G-I-J-K,M77,F
A-C-E-F-G-I-J-K,M79,E
A-C-E-F-G-I-J-K,M80,K
A-C-E-F-G-I-J-K,M81,J
A-C-E-F-G-I-J-K,M82,A
A-C-E-F-G-I-J-K,M85,G
A-C-E-F-G-I-J-K,M87,I
A-C-E-F-G-H-K-L,M74,C
A-C-E-F-G-H-K-L,M77,F
A-C-E-F-G-H-K-L,M79,H
A-C-E-F-G-H-K-L,M80,K
A-C-E-F-G-H-K-L,M81,E
A-C-E-F-G-H-K-L,M82,A
A-C-E-F-G-H-K-L,M85,G
A-C-E-F-G-H-K-L,M87,L
A-C-E-F-G-H-J-L,M74,C
A-C-E-F-G-H-J-L,M77,F
A-C-E-F-G-H-J-L,M79,H
A-C-E-F-G-H-J-L,M80,E
A-C-E-F-G-H-J-L,M81,J
A-C-E-F-G-H-J-L,M82,A
A-C-E-F-G-H-J-L,M85,G
A-C-E-F-G-H-J-L,M87,L
A-C-E-F-G-H-J-K,M74,C
A-C-E-F-G-H-J-K,M77,F
A-C-E-F-G-H-J-K,M79,H
A-C-E-F-G-H-J-K,M80,K
A-C-E-F-G-H-J-K,M81,J
A-C-E-F-G-H-J-K,M82,A
A-C-E-F-G-H-J-K,M85,G
A-C-E-F-G-H-J-K,M87,E
A-C-E-F-G-H-I-L,M74,C
A-C-E-F-G-H-I-L,M77,F
A-C-E-F-G-H-I-L,M79,H
A-C-E-F-G-H-I-L,M80,I
A-C-E-F-G-H-I-L,M81,E
A-C-E-F-G-H-I-L,M82,A
A-C-E-F-G-H-I-L,M85,G
A-C-E-F-G-H-I-L,M87,L
A-C-E-F-G-H-I-K,M74,C
A-C-E-F-G-H-I-K,M77,F
A-C-E-F-G-H-I-K,M79,H
A-C-E-F-G-H-I-K,M80,K
A-C-E-F-G-H-I-K,M81,E
A-C-E-F-G-H-I-K,M82,A
A-C-E-F-G-H-I-K,M85,G
A-C-E-F-G-H-I-K,M87,I
A-C-E-F-G-H-I-J,M74,C
A-C-E-F-G-H-I-J,M77,F
A-C-E-F-G-H-I-J,M79,H
A-C-E-F-G-H-I-J,M80,I
A-C-E-F-G-H-I-J,M81,J
A-C-E-F-G-H-I-J,M82,A
A-C-E-F-G-H-I-J,M85,G
A-C-E-F-G-H-I-J,M87,E
A-C-D-H-I-J-K-L,M74,C
A-C-D-H-I-J-K-L,M77,D
A-C-D-H-I-J-K-L,M79,H
A-C-D-H-I-J-K-L,M80,K
A-C-D-H-I-J-K-L,M81,I
A-C-D-H-I-J-K-L,M82,A
A-C-D-H-I-J-K-L,M85,J
A-C-D-H-I-J-K-L,M87,L
A-C-D-G-I-J-K-L,M74,C
A-C-D-G-I-J-K-L,M77,D
A-C-D-G-I-J-K-L,M79,I
A-C-D-G-I-J-K-L,M80,K
A-C-D-G-I-J-K-L,M81,J
A-C-D-G-I-J-K-L,M82,A
A-C-D-G-I-J-K-L,M85,G
A-C-D-G-I-J-K-L,M87,L
A-C-D-G-H-J-K-L,M74,C
A-C-D-G-H-J-K-L,M77,D
A-C-D-G-H-J-K-L,M79,H
A-C-D-G-H-J-K-L,M80,K
A-C-D-G-H-J-K-L,M81,J
A-C-D-G-H-J-K-L,M82,A
A-C-D-G-H-J-K-L,M85,G
A-C-D-G-H-J-K-L,M87,L
A-C-D-G-H-I-K-L,M74,C
A-C-D-G-H-I-K-L,M77,D
A-C-D-G-H-I-K-L,M79,H
A-C-D-G-H-I-K-L,M80,K
A-C-D-G-H-I-K-L,M81,I
A-C-D-G-H-I-K-L,M82,A
A-C-D-G-H-I-K-L,M85,G
A-C-D-G-H-I-K-L,M87,L
A-C-D-G-H-I-J-L,M74,C
A-C-D-G-H-I-J-L,M77,D
A-C-D-G-H-I-J-L,M79,H
A-C-D-G-H-I-J-L,M80,I
A-C-D-G-H-I-J-L,M81,J
A-C-D-G-H-I-J-L,M82,A
A-C-D-G-H-I-J-L,M85,G
A-C-D-G-H-I-J-L,M87,L
A-C-D-G-H-I-J-K,M74,C
A-C-D-G-H-I-J-K,M77,D
A-C-D-G-H-I-J-K,M79,H
A-C-D-G-H-I-J-K,M80,K
A-C-D-G-H-I-J-K,M81,J
A-C-D-G-H-I-J-K,M82,A
A-C-D-G-H-I-J-K,M85,G
A-C-D-G-H-I-J-K,M87,I
A-C-D-F-I-J-K-L,M74,D
A-C-D-F-I-J-K-L,M77,F
A-C-D-F-I-J-K-L,M79,C
A-C-D-F-I-J-K-L,M80,K
A-C-D-F-I-J-K-L,M81,I
A-C-D-F-I-J-K-L,M82,A
A-C-D-F-I-J-K-L,M85,J
A-C-D-F-I-J-K-L,M87,L
A-C-D-F-H-J-K-L,M74,C
A-C-D-F-H-J-K-L,M77,D
A-C-D-F-H-J-K-L,M79,H
A-C-D-F-H-J-K-L,M80,K
A-C-D-F-H-J-K-L,M81,F
A-C-D-F-H-J-K-L,M82,A
A-C-D-F-H-J-K-L,M85,J
A-C-D-F-H-J-K-L,M87,L
A-C-D-F-H-I-K-L,M74,C
A-C-D-F-H-I-K-L,M77,D
A-C-D-F-H-I-K-L,M79,H
A-C-D-F-H-I-K-L,M80,K
A-C-D-F-H-I-K-L,M81,I
A-C-D-F-H-I-K-L,M82,A
A-C-D-F-H-I-K-L,M85,F
A-C-D-F-H-I-K-L,M87,L
A-C-D-F-H-I-J-L,M74,C
A-C-D-F-H-I-J-L,M77,D
A-C-D-F-H-I-J-L,M79,H
A-C-D-F-H-I-J-L,M80,I
A-C-D-F-H-I-J-L,M81,F
A-C-D-F-H-I-J-L,M82,A
A-C-D-F-H-I-J-L,M85,J
A-C-D-F-H-I-J-L,M87,L
A-C-D-F-H-I-J-K,M74,C
A-C-D-F-H-I-J-K,M77,D
A-C-D-F-H-I-J-K,M79,H
A-C-D-F-H-I-J-K,M80,K
A-C-D-F-H-I-J-K,M81,F
A-C-D-F-H-I-J-K,M82,A
A-C-D-F-H-I-J-K,M85,J
A-C-D-F-H-I-J-K,M87,I
A-C-D-F-G-J-K-L,M74,D
A-C-D-F-G-J-K-L,M77,F
A-C-D-F-G-J-K-L,M79,C
A-C-D-F-G-J-K-L,M80,K
A-C-D-F-G-J-K-L,M81,J
A-C-D-F-G-J-K-L,M82,A
A-C-D-F-G-J-K-L,M85,G
A-C-D-F-G-J-K-L,M87,L
A-C-D-F-G-I-K-L,M74,D
A-C-D-F-G-I-K-L,M77,F
A-C-D-F-G-I-K-L,M79,C
A-C-D-F-G-I-K-L,M80,K
A-C-D-F-G-I-K-L,M81,I
A-C-D-F-G-I-K-L,M82,A
A-C-D-F-G-I-K-L,M85,G
A-C-D-F-G-I-K-L,M87,L
A-C-D-F-G-I-J-L,M74,D
A-C-D-F-G-I-J-L,M77,F
A-C-D-F-G-I-J-L,M79,C
A-C-D-F-G-I-J-L,M80,I
A-C-D-F-G-I-J-L,M81,J
A-C-D-F-G-I-J-L,M82,A
A-C-D-F-G-I-J-L,M85,G
A-C-D-F-G-I-J-L,M87,L
A-C-D-F-G-I-J-K,M74,D
A-C-D-F-G-I-J-K,M77,F
A-C-D-F-G-I-J-K,M79,C
A-C-D-F-G-I-J-K,M80,K
A-C-D-F-G-I-J-K,M81,J
A-C-D-F-G-I-J-K,M82,A
A-C-D-F-G-I-J-K,M85,G
A-C-D-F-G-I-J-K,M87,I
A-C-D-F-G-H-K-L,M74,C
A-C-D-F-G-H-K-L,M77,D
A-C-D-F-G-H-K-L,M79,H
A-C-D-F-G-H-K-L,M80,K
A-C-D-F-G-H-K-L,M81,F
A-C-D-F-G-H-K-L,M82,A
A-C-D-F-G-H-K-L,M85,G
A-C-D-F-G-H-K-L,M87,L
A-C-D-F-G-H-J-L,M74,D
A-C-D-F-G-H-J-L,M77,F
A-C-D-F-G-H-J-L,M79,C
A-C-D-F-G-H-J-L,M80,H
A-C-D-F-G-H-J-L,M81,J
A-C-D-F-G-H-J-L,M82,A
A-C-D-F-G-H-J-L,M85,G
A-C-D-F-G-H-J-L,M87,L
A-C-D-F-G-H-J-K,M74,C
A-C-D-F-G-H-J-K,M77,F
A-C-D-F-G-H-J-K,M79,H
A-C-D-F-G-H-J-K,M80,K
A-C-D-F-G-H-J-K,M81,J
A-C-D-F-G-H-J-K,M82,A
A-C-D-F-G-H-J-K,M85,G
A-C-D-F-G-H-J-K,M87,D
A-C-D-F-G-H-I-L,M74,C
A-C-D-F-G-H-I-L,M77,D
A-C-D-F-G-H-I-L,M79,H
A-C-D-F-G-H-I-L,M80,I
A-C-D-F-G-H-I-L,M81,F
A-C-D-F-G-H-I-L,M82,A
A-C-D-F-G-H-I-L,M85,G
A-C-D-F-G-H-I-L,M87,L
A-C-D-F-G-H-I-K,M74,C
A-C-D-F-G-H-I-K,M77,D
A-C-D-F-G-H-I-K,M79,H
A-C-D-F-G-H-I-K,M80,K
A-C-D-F-G-H-I-K,M81,F
A-C-D-F-G-H-I-K,M82,A
A-C-D-F-G-H-I-K,M85,G
A-C-D-F-G-H-I-K,M87,I
A-C-D-F-G-H-I-J,M74,C
A-C-D-F-G-H-I-J,M77,F
A-C-D-F-G-H-I-J,M79,H
A-C-D-F-G-H-I-J,M80,I
A-C-D-F-G-H-I-J,M81,J
A-C-D-F-G-H-I-J,M82,A
A-C-D-F-G-H-I-J,M85,G
A-C-D-F-G-H-I-J,M87,D
A-C-D-E-I-J-K-L,M74,C
A-C-D-E-I-J-K-L,M77,D
A-C-D-E-I-J-K-L,M79,E
A-C-D-E-I-J-K-L,M80,K
A-C-D-E-I-J-K-L,M81,I
A-C-D-E-I-J-K-L,M82,A
A-C-D-E-I-J-K-L,M85,J
A-C-D-E-I-J-K-L,M87,L
A-C-D-E-H-J-K-L,M74,C
A-C-D-E-H-J-K-L,M77,D
A-C-D-E-H-J-K-L,M79,H
A-C-D-E-H-J-K-L,M80,K
A-C-D-E-H-J-K-L,M81,E
A-C-D-E-H-J-K-L,M82,A
A-C-D-E-H-J-K-L,M85,J
A-C-D-E-H-J-K-L,M87,L
A-C-D-E-H-I-K-L,M74,C
A-C-D-E-H-I-K-L,M77,D
A-C-D-E-H-I-K-L,M79,H
A-C-D-E-H-I-K-L,M80,K
A-C-D-E-H-I-K-L,M81,I
A-C-D-E-H-I-K-L,M82,A
A-C-D-E-H-I-K-L,M85,E
A-C-D-E-H-I-K-L,M87,L
A-C-D-E-H-I-J-L,M74,C
A-C-D-E-H-I-J-L,M77,D
A-C-D-E-H-I-J-L,M79,H
A-C-D-E-H-I-J-L,M80,I
A-C-D-E-H-I-J-L,M81,E
A-C-D-E-H-I-J-L,M82,A
A-C-D-E-H-I-J-L,M85,J
A-C-D-E-H-I-J-L,M87,L
A-C-D-E-H-I-J-K,M74,C
A-C-D-E-H-I-J-K,M77,D
A-C-D-E-H-I-J-K,M79,H
A-C-D-E-H-I-J-K,M80,K
A-C-D-E-H-I-J-K,M81,E
A-C-D-E-H-I-J-K,M82,A
A-C-D-E-H-I-J-K,M85,J
A-C-D-E-H-I-J-K,M87,I
A-C-D-E-G-J-K-L,M74,C
A-C-D-E-G-J-K-L,M77,D
A-C-D-E-G-J-K-L,M79,E
A-C-D-E-G-J-K-L,M80,K
A-C-D-E-G-J-K-L,M81,J
A-C-D-E-G-J-K-L,M82,A
A-C-D-E-G-J-K-L,M85,G
A-C-D-E-G-J-K-L,M87,L
A-C-D-E-G-I-K-L,M74,C
A-C-D-E-G-I-K-L,M77,D
A-C-D-E-G-I-K-L,M79,E
A-C-D-E-G-I-K-L,M80,K
A-C-D-E-G-I-K-L,M81,I
A-C-D-E-G-I-K-L,M82,A
A-C-D-E-G-I-K-L,M85,G
A-C-D-E-G-I-K-L,M87,L
A-C-D-E-G-I-J-L,M74,C
A-C-D-E-G-I-J-L,M77,D
A-C-D-E-G-I-J-L,M79,E
A-C-D-E-G-I-J-L,M80,I
A-C-D-E-G-I-J-L,M81,J
A-C-D-E-G-I-J-L,M82,A
A-C-D-E-G-I-J-L,M85,G
A-C-D-E-G-I-J-L,M87,L
A-C-D-E-G-I-J-K,M74,C
A-C-D-E-G-I-J-K,M77,D
A-C-D-E-G-I-J-K,M79,E
A-C-D-E-G-I-J-K,M80,K
A-C-D-E-G-I-J-K,M81,J
A-C-D-E-G-I-J-K,M82,A
A-C-D-E-G-I-J-K,M85,G
A-C-D-E-G-I-J-K,M87,I
A-C-D-E-G-H-K-L,M74,C
A-C-D-E-G-H-K-L,M77,D
A-C-D-E-G-H-K-L,M79,H
A-C-D-E-G-H-K-L,M80,K
A-C-D-E-G-H-K-L,M81,E
A-C-D-E-G-H-K-L,M82,A
A-C-D-E-G-H-K-L,M85,G
A-C-D-E-G-H-K-L,M87,L
A-C-D-E-G-H-J-L,M74,C
A-C-D-E-G-H-J-L,M77,D
A-C-D-E-G-H-J-L,M79,H
A-C-D-E-G-H-J-L,M80,E
A-C-D-E-G-H-J-L,M81,J
A-C-D-E-G-H-J-L,M82,A
A-C-D-E-G-H-J-L,M85,G
A-C-D-E-G-H-J-L,M87,L
A-C-D-E-G-H-J-K,M74,C
A-C-D-E-G-H-J-K,M77,D
A-C-D-E-G-H-J-K,M79,H
A-C-D-E-G-H-J-K,M80,K
A-C-D-E-G-H-J-K,M81,J
A-C-D-E-G-H-J-K,M82,A
A-C-D-E-G-H-J-K,M85,G
A-C-D-E-G-H-J-K,M87,E
A-C-D-E-G-H-I-L,M74,C
A-C-D-E-G-H-I-L,M77,D
A-C-D-E-G-H-I-L,M79,H
A-C-D-E-G-H-I-L,M80,I
A-C-D-E-G-H-I-L,M81,E
A-C-D-E-G-H-I-L,M82,A
A-C-D-E-G-H-I-L,M85,G
A-C-D-E-G-H-I-L,M87,L
A-C-D-E-G-H-I-K,M74,C
A-C-D-E-G-H-I-K,M77,D
A-C-D-E-G-H-I-K,M79,H
A-C-D-E-G-H-I-K,M80,K
A-C-D-E-G-H-I-K,M81,E
A-C-D-E-G-H-I-K,M82,A
A-C-D-E-G-H-I-K,M85,G
A-C-D-E-G-H-I-K,M87,I
A-C-D-E-G-H-I-J,M74,C
A-C-D-E-G-H-I-J,M77,D
A-C-D-E-G-H-I-J,M79,H
A-C-D-E-G-H-I-J,M80,I
A-C-D-E-G-H-I-J,M81,J
A-C-D-E-G-H-I-J,M82,A
A-C-D-E-G-H-I-J,M85,G
A-C-D-E-G-H-I-J,M87,E
A-C-D-E-F-J-K-L,M74,D
A-C-D-E-F-J-K-L,M77,F
A-C-D-E-F-J-K-L,M79,C
A-C-D-E-F-J-K-L,M80,K
A-C-D-E-F-J-K-L,M81,E
A-C-D-E-F-J-K-L,M82,A
A-C-D-E-F-J-K-L,M85,J
A-C-D-E-F-J-K-L,M87,L
A-C-D-E-F-I-K-L,M74,D
A-C-D-E-F-I-K-L,M77,F
A-C-D-E-F-I-K-L,M79,C
A-C-D-E-F-I-K-L,M80,K
A-C-D-E-F-I-K-L,M81,I
A-C-D-E-F-I-K-L,M82,A
A-C-D-E-F-I-K-L,M85,E
A-C-D-E-F-I-K-L,M87,L
A-C-D-E-F-I-J-L,M74,D
A-C-D-E-F-I-J-L,M77,F
A-C-D-E-F-I-J-L,M79,C
A-C-D-E-F-I-J-L,M80,I
A-C-D-E-F-I-J-L,M81,E
A-C-D-E-F-I-J-L,M82,A
A-C-D-E-F-I-J-L,M85,J
A-C-D-E-F-I-J-L,M87,L
A-C-D-E-F-I-J-K,M74,D
A-C-D-E-F-I-J-K,M77,F
A-C-D-E-F-I-J-K,M79,C
A-C-D-E-F-I-J-K,M80,K
A-C-D-E-F-I-J-K,M81,E
A-C-D-E-F-I-J-K,M82,A
A-C-D-E-F-I-J-K,M85,J
A-C-D-E-F-I-J-K,M87,I
A-C-D-E-F-H-K-L,M74,C
A-C-D-E-F-H-K-L,M77,D
A-C-D-E-F-H-K-L,M79,H
A-C-D-E-F-H-K-L,M80,K
A-C-D-E-F-H-K-L,M81,F
A-C-D-E-F-H-K-L,M82,A
A-C-D-E-F-H-K-L,M85,E
A-C-D-E-F-H-K-L,M87,L
A-C-D-E-F-H-J-L,M74,C
A-C-D-E-F-H-J-L,M77,D
A-C-D-E-F-H-J-L,M79,H
A-C-D-E-F-H-J-L,M80,E
A-C-D-E-F-H-J-L,M81,F
A-C-D-E-F-H-J-L,M82,A
A-C-D-E-F-H-J-L,M85,J
A-C-D-E-F-H-J-L,M87,L
A-C-D-E-F-H-J-K,M74,C
A-C-D-E-F-H-J-K,M77,F
A-C-D-E-F-H-J-K,M79,H
A-C-D-E-F-H-J-K,M80,K
A-C-D-E-F-H-J-K,M81,E
A-C-D-E-F-H-J-K,M82,A
A-C-D-E-F-H-J-K,M85,J
A-C-D-E-F-H-J-K,M87,D
A-C-D-E-F-H-I-L,M74,C
A-C-D-E-F-H-I-L,M77,D
A-C-D-E-F-H-I-L,M79,H
A-C-D-E-F-H-I-L,M80,I
A-C-D-E-F-H-I-L,M81,F
A-C-D-E-F-H-I-L,M82,A
A-C-D-E-F-H-I-L,M85,E
A-C-D-E-F-H-I-L,M87,L
A-C-D-E-F-H-I-K,M74,C
A-C-D-E-F-H-I-K,M77,D
A-C-D-E-F-H-I-K,M79,H
A-C-D-E-F-H-I-K,M80,K
A-C-D-E-F-H-I-K,M81,F
A-C-D-E-F-H-I-K,M82,A
A-C-D-E-F-H-I-K,M85,E
A-C-D-E-F-H-I-K,M87,I
A-C-D-E-F-H-I-J,M74,C
A-C-D-E-F-H-I-J,M77,F
A-C-D-E-F-H-I-J,M79,H
A-C-D-E-F-H-I-J,M80,I
A-C-D-E-F-H-I-J,M81,E
A-C-D-E-F-H-I-J,M82,A
A-C-D-E-F-H-I-J,M85,J
A-C-D-E-F-H-I-J,M87,D
A-C-D-E-F-G-K-L,M74,D
A-C-D-E-F-G-K-L,M77,F
A-C-D-E-F-G-K-L,M79,C
A-C-D-E-F-G-K-L,M80,K
A-C-D-E-F-G-K-L,M81,E
A-C-D-E-F-G-K-L,M82,A
A-C-D-E-F-G-K-L,M85,G
A-C-D-E-F-G-K-L,M87,L
A-C-D-E-F-G-J-L,M74,D
A-C-D-E-F-G-J-L,M77,F
A-C-D-E-F-G-J-L,M79,C
A-C-D-E-F-G-J-L,M80,E
A-C-D-E-F-G-J-L,M81,J
A-C-D-E-F-G-J-L,M82,A
A-C-D-E-F-G-J-L,M85,G
A-C-D-E-F-G-J-L,M87,L
A-C-D-E-F-G-J-K,M74,D
A-C-D-E-F-G-J-K,M77,F
A-C-D-E-F-G-J-K,M79,C
A-C-D-E-F-G-J-K,M80,K
A-C-D-E-F-G-J-K,M81,J
A-C-D-E-F-G-J-K,M82,A
A-C-D-E-F-G-J-K,M85,G
A-C-D-E-F-G-J-K,M87,E
A-C-D-E-F-G-I-L,M74,D
A-C-D-E-F-G-I-L,M77,F
A-C-D-E-F-G-I-L,M79,C
A-C-D-E-F-G-I-L,M80,I
A-C-D-E-F-G-I-L,M81,E
A-C-D-E-F-G-I-L,M82,A
A-C-D-E-F-G-I-L,M85,G
A-C-D-E-F-G-I-L,M87,L
A-C-D-E-F-G-I-K,M74,D
A-C-D-E-F-G-I-K,M77,F
A-C-D-E-F-G-I-K,M79,C
A-C-D-E-F-G-I-K,M80,K
A-C-D-E-F-G-I-K,M81,E
A-C-D-E-F-G-I-K,M82,A
A-C-D-E-F-G-I-K,M85,G
A-C-D-E-F-G-I-K,M87,I
A-C-D-E-F-G-I-J,M74,D
A-C-D-E-F-G-I-J,M77,F
A-C-D-E-F-G-I-J,M79,C
A-C-D-E-F-G-I-J,M80,I
A-C-D-E-F-G-I-J,M81,J
A-C-D-E-F-G-I-J,M82,A
A-C-D-E-F-G-I-J,M85,G
A-C-D-E-F-G-I-J,M87,E
A-C-D-E-F-G-H-L,M74,C
A-C-D-E-F-G-H-L,M77,D
A-C-D-E-F-G-H-L,M79,H
A-C-D-E-F-G-H-L,M80,E
A-C-D-E-F-G-H-L,M81,F
A-C-D-E-F-G-H-L,M82,A
A-C-D-E-F-G-H-L,M85,G
A-C-D-E-F-G-H-L,M87,L
A-C-D-E-F-G-H-K,M74,C
A-C-D-E-F-G-H-K,M77,F
A-C-D-E-F-G-H-K,M79,H
A-C-D-E-F-G-H-K,M80,K
A-C-D-E-F-G-H-K,M81,E
A-C-D-E-F-G-H-K,M82,A
A-C-D-E-F-G-H-K,M85,G
A-C-D-E-F-G-H-K,M87,D
A-C-D-E-F-G-H-J,M74,C
A-C-D-E-F-G-H-J,M77,F
A-C-D-E-F-G-H-J,M79,H
A-C-D-E-F-G-H-J,M80,E
A-C-D-E-F-G-H-J,M81,J
A-C-D-E-F-G-H-J,M82,A
A-C-D-E-F-G-H-J,M85,G
A-C-D-E-F-G-H-J,M87,D
A-C-D-E-F-G-H-I,M74,C
A-C-D-E-F-G-H-I,M77,F
A-C-D-E-F-G-H-I,M79,H
A-C-D-E-F-G-H-I,M80,I
A-C-D-E-F-G-H-I,M81,E
A-C-D-E-F-G-H-I,M82,A
A-C-D-E-F-G-H-I,M85,G
A-C-D-E-F-G-H-I,M87,D
A-B-G-H-I-J-K-L,M74,A
A-B-G-H-I-J-K-L,M77,G
A-B-G-H-I-J-K-L,M79,H
A-B-G-H-I-J-K-L,M80,K
A-B-G-H-I-J-K-L,M81,B
A-B-G-H-I-J-K-L,M82,I
A-B-G-H-I-J-K-L,M85,J
A-B-G-H-I-J-K-L,M87,L
A-B-F-H-I-J-K-L,M74,A
A-B-F-H-I-J-K-L,M77,F
A-B-F-H-I-J-K-L,M79,H
A-B-F-H-I-J-K-L,M80,K
A-B-F-H-I-J-K-L,M81,B
A-B-F-H-I-J-K-L,M82,I
A-B-F-H-I-J-K-L,M85,J
A-B-F-H-I-J-K-L,M87,L
A-B-F-G-I-J-K-L,M74,F
A-B-F-G-I-J-K-L,M77,G
A-B-F-G-I-J-K-L,M79,I
A-B-F-G-I-J-K-L,M80,K
A-B-F-G-I-J-K-L,M81,B
A-B-F-G-I-J-K-L,M82,A
A-B-F-G-I-J-K-L,M85,J
A-B-F-G-I-J-K-L,M87,L
A-B-F-G-H-J-K-L,M74,F
A-B-F-G-H-J-K-L,M77,G
A-B-F-G-H-J-K-L,M79,H
A-B-F-G-H-J-K-L,M80,K
A-B-F-G-H-J-K-L,M81,B
A-B-F-G-H-J-K-L,M82,A
A-B-F-G-H-J-K-L,M85,J
A-B-F-G-H-J-K-L,M87,L
A-B-F-G-H-I-K-L,M74,A
A-B-F-G-H-I-K-L,M77,F
A-B-F-G-H-I-K-L,M79,H
A-B-F-G-H-I-K-L,M80,K
A-B-F-G-H-I-K-L,M81,B
A-B-F-G-H-I-K-L,M82,I
A-B-F-G-H-I-K-L,M85,G
A-B-F-G-H-I-K-L,M87,L
A-B-F-G-H-I-J-L,M74,F
A-B-F-G-H-I-J-L,M77,G
A-B-F-G-H-I-J-L,M79,H
A-B-F-G-H-I-J-L,M80,I
A-B-F-G-H-I-J-L,M81,B
A-B-F-G-H-I-J-L,M82,A
A-B-F-G-H-I-J-L,M85,J
A-B-F-G-H-I-J-L,M87,L
A-B-F-G-H-I-J-K,M74,F
A-B-F-G-H-I-J-K,M77,G
A-B-F-G-H-I-J-K,M79,H
A-B-F-G-H-I-J-K,M80,K
A-B-F-G-H-I-J-K,M81,B
A-B-F-G-H-I-J-K,M82,A
A-B-F-G-H-I-J-K,M85,J
A-B-F-G-H-I-J-K,M87,I
A-B-E-H-I-J-K-L,M74,A
A-B-E-H-I-J-K-L,M77,H
A-B-E-H-I-J-K-L,M79,E
A-B-E-H-I-J-K-L,M80,K
A-B-E-H-I-J-K-L,M81,B
A-B-E-H-I-J-K-L,M82,I
A-B-E-H-I-J-K-L,M85,J
A-B-E-H-I-J-K-L,M87,L
A-B-E-G-I-J-K-L,M74,A
A-B-E-G-I-J-K-L,M77,G
A-B-E-G-I-J-K-L,M79,E
A-B-E-G-I-J-K-L,M80,K
A-B-E-G-I-J-K-L,M81,B
A-B-E-G-I-J-K-L,M82,I
A-B-E-G-I-J-K-L,M85,J
A-B-E-G-I-J-K-L,M87,L
A-B-E-G-H-J-K-L,M74,A
A-B-E-G-H-J-K-L,M77,G
A-B-E-G-H-J-K-L,M79,E
A-B-E-G-H-J-K-L,M80,K
A-B-E-G-H-J-K-L,M81,B
A-B-E-G-H-J-K-L,M82,H
A-B-E-G-H-J-K-L,M85,J
A-B-E-G-H-J-K-L,M87,L
A-B-E-G-H-I-K-L,M74,A
A-B-E-G-H-I-K-L,M77,H
A-B-E-G-H-I-K-L,M79,E
A-B-E-G-H-I-K-L,M80,K
A-B-E-G-H-I-K-L,M81,B
A-B-E-G-H-I-K-L,M82,I
A-B-E-G-H-I-K-L,M85,G
A-B-E-G-H-I-K-L,M87,L
A-B-E-G-H-I-J-L,M74,A
A-B-E-G-H-I-J-L,M77,G
A-B-E-G-H-I-J-L,M79,E
A-B-E-G-H-I-J-L,M80,I
A-B-E-G-H-I-J-L,M81,B
A-B-E-G-H-I-J-L,M82,H
A-B-E-G-H-I-J-L,M85,J
A-B-E-G-H-I-J-L,M87,L
A-B-E-G-H-I-J-K,M74,A
A-B-E-G-H-I-J-K,M77,G
A-B-E-G-H-I-J-K,M79,E
A-B-E-G-H-I-J-K,M80,K
A-B-E-G-H-I-J-K,M81,B
A-B-E-G-H-I-J-K,M82,H
A-B-E-G-H-I-J-K,M85,J
A-B-E-G-H-I-J-K,M87,I
A-B-E-F-I-J-K-L,M74,A
A-B-E-F-I-J-K-L,M77,F
A-B-E-F-I-J-K-L,M79,E
A-B-E-F-I-J-K-L,M80,K
A-B-E-F-I-J-K-L,M81,B
A-B-E-F-I-J-K-L,M82,I
A-B-E-F-I-J-K-L,M85,J
A-B-E-F-I-J-K-L,M87,L
A-B-E-F-H-J-K-L,M74,F
A-B-E-F-H-J-K-L,M77,H
A-B-E-F-H-J-K-L,M79,E
A-B-E-F-H-J-K-L,M80,K
A-B-E-F-H-J-K-L,M81,B
A-B-E-F-H-J-K-L,M82,A
A-B-E-F-H-J-K-L,M85,J
A-B-E-F-H-J-K-L,M87,L
A-B-E-F-H-I-K-L,M74,F
A-B-E-F-H-I-K-L,M77,H
A-B-E-F-H-I-K-L,M79,E
A-B-E-F-H-I-K-L,M80,K
A-B-E-F-H-I-K-L,M81,B
A-B-E-F-H-I-K-L,M82,A
A-B-E-F-H-I-K-L,M85,I
A-B-E-F-H-I-K-L,M87,L
A-B-E-F-H-I-J-L,M74,F
A-B-E-F-H-I-J-L,M77,H
A-B-E-F-H-I-J-L,M79,E
A-B-E-F-H-I-J-L,M80,I
A-B-E-F-H-I-J-L,M81,B
A-B-E-F-H-I-J-L,M82,A
A-B-E-F-H-I-J-L,M85,J
A-B-E-F-H-I-J-L,M87,L
A-B-E-F-H-I-J-K,M74,F
A-B-E-F-H-I-J-K,M77,H
A-B-E-F-H-I-J-K,M79,E
A-B-E-F-H-I-J-K,M80,K
A-B-E-F-H-I-J-K,M81,B
A-B-E-F-H-I-J-K,M82,A
A-B-E-F-H-I-J-K,M85,J
A-B-E-F-H-I-J-K,M87,I
A-B-E-F-G-J-K-L,M74,F
A-B-E-F-G-J-K-L,M77,G
A-B-E-F-G-J-K-L,M79,E
A-B-E-F-G-J-K-L,M80,K
A-B-E-F-G-J-K-L,M81,B
A-B-E-F-G-J-K-L,M82,A
A-B-E-F-G-J-K-L,M85,J
A-B-E-F-G-J-K-L,M87,L
A-B-E-F-G-I-K-L,M74,A
A-B-E-F-G-I-K-L,M77,F
A-B-E-F-G-I-K-L,M79,E
A-B-E-F-G-I-K-L,M80,K
A-B-E-F-G-I-K-L,M81,B
A-B-E-F-G-I-K-L,M82,I
A-B-E-F-G-I-K-L,M85,G
A-B-E-F-G-I-K-L,M87,L
A-B-E-F-G-I-J-L,M74,F
A-B-E-F-G-I-J-L,M77,G
A-B-E-F-G-I-J-L,M79,E
A-B-E-F-G-I-J-L,M80,I
A-B-E-F-G-I-J-L,M81,B
A-B-E-F-G-I-J-L,M82,A
A-B-E-F-G-I-J-L,M85,J
A-B-E-F-G-I-J-L,M87,L
A-B-E-F-G-I-J-K,M74,F
A-B-E-F-G-I-J-K,M77,G
A-B-E-F-G-I-J-K,M79,E
A-B-E-F-G-I-J-K,M80,K
A-B-E-F-G-I-J-K,M81,B
A-B-E-F-G-I-J-K,M82,A
A-B-E-F-G-I-J-K,M85,J
A-B-E-F-G-I-J-K,M87,I
A-B-E-F-G-H-K-L,M74,F
A-B-E-F-G-H-K-L,M77,H
A-B-E-F-G-H-K-L,M79,E
A-B-E-F-G-H-K-L,M80,K
A-B-E-F-G-H-K-L,M81,B
A-B-E-F-G-H-K-L,M82,A
A-B-E-F-G-H-K-L,M85,G
A-B-E-F-G-H-K-L,M87,L
A-B-E-F-G-H-J-L,M74,F
A-B-E-F-G-H-J-L,M77,G
A-B-E-F-G-H-J-L,M79,H
A-B-E-F-G-H-J-L,M80,E
A-B-E-F-G-H-J-L,M81,B
A-B-E-F-G-H-J-L,M82,A
A-B-E-F-G-H-J-L,M85,J
A-B-E-F-G-H-J-L,M87,L
A-B-E-F-G-H-J-K,M74,F
A-B-E-F-G-H-J-K,M77,G
A-B-E-F-G-H-J-K,M79,H
A-B-E-F-G-H-J-K,M80,K
A-B-E-F-G-H-J-K,M81,B
A-B-E-F-G-H-J-K,M82,A
A-B-E-F-G-H-J-K,M85,J
A-B-E-F-G-H-J-K,M87,E
A-B-E-F-G-H-I-L,M74,F
A-B-E-F-G-H-I-L,M77,H
A-B-E-F-G-H-I-L,M79,E
A-B-E-F-G-H-I-L,M80,I
A-B-E-F-G-H-I-L,M81,B
A-B-E-F-G-H-I-L,M82,A
A-B-E-F-G-H-I-L,M85,G
A-B-E-F-G-H-I-L,M87,L
A-B-E-F-G-H-I-K,M74,F
A-B-E-F-G-H-I-K,M77,H
A-B-E-F-G-H-I-K,M79,E
A-B-E-F-G-H-I-K,M80,K
A-B-E-F-G-H-I-K,M81,B
A-B-E-F-G-H-I-K,M82,A
A-B-E-F-G-H-I-K,M85,G
A-B-E-F-G-H-I-K,M87,I
A-B-E-F-G-H-I-J,M74,F
A-B-E-F-G-H-I-J,M77,G
A-B-E-F-G-H-I-J,M79,H
A-B-E-F-G-H-I-J,M80,I
A-B-E-F-G-H-I-J,M81,B
A-B-E-F-G-H-I-J,M82,A
A-B-E-F-G-H-I-J,M85,J
A-B-E-F-G-H-I-J,M87,E
A-B-D-H-I-J-K-L,M74,D
A-B-D-H-I-J-K-L,M77,H
A-B-D-H-I-J-K-L,M79,I
A-B-D-H-I-J-K-L,M80,K
A-B-D-H-I-J-K-L,M81,B
A-B-D-H-I-J-K-L,M82,A
A-B-D-H-I-J-K-L,M85,J
A-B-D-H-I-J-K-L,M87,L
A-B-D-G-I-J-K-L,M74,D
A-B-D-G-I-J-K-L,M77,G
A-B-D-G-I-J-K-L,M79,I
A-B-D-G-I-J-K-L,M80,K
A-B-D-G-I-J-K-L,M81,B
A-B-D-G-I-J-K-L,M82,A
A-B-D-G-I-J-K-L,M85,J
A-B-D-G-I-J-K-L,M87,L
A-B-D-G-H-J-K-L,M74,D
A-B-D-G-H-J-K-L,M77,G
A-B-D-G-H-J-K-L,M79,H
A-B-D-G-H-J-K-L,M80,K
A-B-D-G-H-J-K-L,M81,B
A-B-D-G-H-J-K-L,M82,A
A-B-D-G-H-J-K-L,M85,J
A-B-D-G-H-J-K-L,M87,L
A-B-D-G-H-I-K-L,M74,D
A-B-D-G-H-I-K-L,M77,H
A-B-D-G-H-I-K-L,M79,I
A-B-D-G-H-I-K-L,M80,K
A-B-D-G-H-I-K-L,M81,B
A-B-D-G-H-I-K-L,M82,A
A-B-D-G-H-I-K-L,M85,G
A-B-D-G-H-I-K-L,M87,L
A-B-D-G-H-I-J-L,M74,D
A-B-D-G-H-I-J-L,M77,G
A-B-D-G-H-I-J-L,M79,H
A-B-D-G-H-I-J-L,M80,I
A-B-D-G-H-I-J-L,M81,B
A-B-D-G-H-I-J-L,M82,A
A-B-D-G-H-I-J-L,M85,J
A-B-D-G-H-I-J-L,M87,L
A-B-D-G-H-I-J-K,M74,D
A-B-D-G-H-I-J-K,M77,G
A-B-D-G-H-I-J-K,M79,H
A-B-D-G-H-I-J-K,M80,K
A-B-D-G-H-I-J-K,M81,B
A-B-D-G-H-I-J-K,M82,A
A-B-D-G-H-I-J-K,M85,J
A-B-D-G-H-I-J-K,M87,I
A-B-D-F-I-J-K-L,M74,D
A-B-D-F-I-J-K-L,M77,F
A-B-D-F-I-J-K-L,M79,I
A-B-D-F-I-J-K-L,M80,K
A-B-D-F-I-J-K-L,M81,B
A-B-D-F-I-J-K-L,M82,A
A-B-D-F-I-J-K-L,M85,J
A-B-D-F-I-J-K-L,M87,L
A-B-D-F-H-J-K-L,M74,D
A-B-D-F-H-J-K-L,M77,F
A-B-D-F-H-J-K-L,M79,H
A-B-D-F-H-J-K-L,M80,K
A-B-D-F-H-J-K-L,M81,B
A-B-D-F-H-J-K-L,M82,A
A-B-D-F-H-J-K-L,M85,J
A-B-D-F-H-J-K-L,M87,L
A-B-D-F-H-I-K-L,M74,D
A-B-D-F-H-I-K-L,M77,F
A-B-D-F-H-I-K-L,M79,H
A-B-D-F-H-I-K-L,M80,K
A-B-D-F-H-I-K-L,M81,B
A-B-D-F-H-I-K-L,M82,A
A-B-D-F-H-I-K-L,M85,I
A-B-D-F-H-I-K-L,M87,L
A-B-D-F-H-I-J-L,M74,D
A-B-D-F-H-I-J-L,M77,F
A-B-D-F-H-I-J-L,M79,H
A-B-D-F-H-I-J-L,M80,I
A-B-D-F-H-I-J-L,M81,B
A-B-D-F-H-I-J-L,M82,A
A-B-D-F-H-I-J-L,M85,J
A-B-D-F-H-I-J-L,M87,L
A-B-D-F-H-I-J-K,M74,D
A-B-D-F-H-I-J-K,M77,F
A-B-D-F-H-I-J-K,M79,H
A-B-D-F-H-I-J-K,M80,K
A-B-D-F-H-I-J-K,M81,B
A-B-D-F-H-I-J-K,M82,A
A-B-D-F-H-I-J-K,M85,J
A-B-D-F-H-I-J-K,M87,I
A-B-D-F-G-J-K-L,M74,D
A-B-D-F-G-J-K-L,M77,G
A-B-D-F-G-J-K-L,M79,F
A-B-D-F-G-J-K-L,M80,K
A-B-D-F-G-J-K-L,M81,B
A-B-D-F-G-J-K-L,M82,A
A-B-D-F-G-J-K-L,M85,J
A-B-D-F-G-J-K-L,M87,L
A-B-D-F-G-I-K-L,M74,D
A-B-D-F-G-I-K-L,M77,F
A-B-D-F-G-I-K-L,M79,I
A-B-D-F-G-I-K-L,M80,K
A-B-D-F-G-I-K-L,M81,B
A-B-D-F-G-I-K-L,M82,A
A-B-D-F-G-I-K-L,M85,G
A-B-D-F-G-I-K-L,M87,L
A-B-D-F-G-I-J-L,M74,D
A-B-D-F-G-I-J-L,M77,G
A-B-D-F-G-I-J-L,M79,F
A-B-D-F-G-I-J-L,M80,I
A-B-D-F-G-I-J-L,M81,B
A-B-D-F-G-I-J-L,M82,A
A-B-D-F-G-I-J-L,M85,J
A-B-D-F-G-I-J-L,M87,L
A-B-D-F-G-I-J-K,M74,D
A-B-D-F-G-I-J-K,M77,G
A-B-D-F-G-I-J-K,M79,F
A-B-D-F-G-I-J-K,M80,K
A-B-D-F-G-I-J-K,M81,B
A-B-D-F-G-I-J-K,M82,A
A-B-D-F-G-I-J-K,M85,J
A-B-D-F-G-I-J-K,M87,I
A-B-D-F-G-H-K-L,M74,D
A-B-D-F-G-H-K-L,M77,F
A-B-D-F-G-H-K-L,M79,H
A-B-D-F-G-H-K-L,M80,K
A-B-D-F-G-H-K-L,M81,B
A-B-D-F-G-H-K-L,M82,A
A-B-D-F-G-H-K-L,M85,G
A-B-D-F-G-H-K-L,M87,L
A-B-D-F-G-H-J-L,M74,D
A-B-D-F-G-H-J-L,M77,F
A-B-D-F-G-H-J-L,M79,H
A-B-D-F-G-H-J-L,M80,J
A-B-D-F-G-H-J-L,M81,B
A-B-D-F-G-H-J-L,M82,A
A-B-D-F-G-H-J-L,M85,G
A-B-D-F-G-H-J-L,M87,L
A-B-D-F-G-H-J-K,M74,D
A-B-D-F-G-H-J-K,M77,F
A-B-D-F-G-H-J-K,M79,H
A-B-D-F-G-H-J-K,M80,K
A-B-D-F-G-H-J-K,M81,B
A-B-D-F-G-H-J-K,M82,A
A-B-D-F-G-H-J-K,M85,G
A-B-D-F-G-H-J-K,M87,J
A-B-D-F-G-H-I-L,M74,D
A-B-D-F-G-H-I-L,M77,F
A-B-D-F-G-H-I-L,M79,H
A-B-D-F-G-H-I-L,M80,I
A-B-D-F-G-H-I-L,M81,B
A-B-D-F-G-H-I-L,M82,A
A-B-D-F-G-H-I-L,M85,G
A-B-D-F-G-H-I-L,M87,L
A-B-D-F-G-H-I-K,M74,D
A-B-D-F-G-H-I-K,M77,F
A-B-D-F-G-H-I-K,M79,H
A-B-D-F-G-H-I-K,M80,K
A-B-D-F-G-H-I-K,M81,B
A-B-D-F-G-H-I-K,M82,A
A-B-D-F-G-H-I-K,M85,G
A-B-D-F-G-H-I-K,M87,I
A-B-D-F-G-H-I-J,M74,D
A-B-D-F-G-H-I-J,M77,F
A-B-D-F-G-H-I-J,M79,H
A-B-D-F-G-H-I-J,M80,J
A-B-D-F-G-H-I-J,M81,B
A-B-D-F-G-H-I-J,M82,A
A-B-D-F-G-H-I-J,M85,G
A-B-D-F-G-H-I-J,M87,I
A-B-D-E-I-J-K-L,M74,A
A-B-D-E-I-J-K-L,M77,D
A-B-D-E-I-J-K-L,M79,E
A-B-D-E-I-J-K-L,M80,K
A-B-D-E-I-J-K-L,M81,B
A-B-D-E-I-J-K-L,M82,I
A-B-D-E-I-J-K-L,M85,J
A-B-D-E-I-J-K-L,M87,L
A-B-D-E-H-J-K-L,M74,D
A-B-D-E-H-J-K-L,M77,H
A-B-D-E-H-J-K-L,M79,E
A-B-D-E-H-J-K-L,M80,K
A-B-D-E-H-J-K-L,M81,B
A-B-D-E-H-J-K-L,M82,A
A-B-D-E-H-J-K-L,M85,J
A-B-D-E-H-J-K-L,M87,L
A-B-D-E-H-I-K-L,M74,D
A-B-D-E-H-I-K-L,M77,H
A-B-D-E-H-I-K-L,M79,E
A-B-D-E-H-I-K-L,M80,K
A-B-D-E-H-I-K-L,M81,B
A-B-D-E-H-I-K-L,M82,A
A-B-D-E-H-I-K-L,M85,I
A-B-D-E-H-I-K-L,M87,L
A-B-D-E-H-I-J-L,M74,D
A-B-D-E-H-I-J-L,M77,H
A-B-D-E-H-I-J-L,M79,E
A-B-D-E-H-I-J-L,M80,I
A-B-D-E-H-I-J-L,M81,B
A-B-D-E-H-I-J-L,M82,A
A-B-D-E-H-I-J-L,M85,J
A-B-D-E-H-I-J-L,M87,L
A-B-D-E-H-I-J-K,M74,D
A-B-D-E-H-I-J-K,M77,H
A-B-D-E-H-I-J-K,M79,E
A-B-D-E-H-I-J-K,M80,K
A-B-D-E-H-I-J-K,M81,B
A-B-D-E-H-I-J-K,M82,A
A-B-D-E-H-I-J-K,M85,J
A-B-D-E-H-I-J-K,M87,I
A-B-D-E-G-J-K-L,M74,D
A-B-D-E-G-J-K-L,M77,G
A-B-D-E-G-J-K-L,M79,E
A-B-D-E-G-J-K-L,M80,K
A-B-D-E-G-J-K-L,M81,B
A-B-D-E-G-J-K-L,M82,A
A-B-D-E-G-J-K-L,M85,J
A-B-D-E-G-J-K-L,M87,L
A-B-D-E-G-I-K-L,M74,A
A-B-D-E-G-I-K-L,M77,D
A-B-D-E-G-I-K-L,M79,E
A-B-D-E-G-I-K-L,M80,K
A-B-D-E-G-I-K-L,M81,B
A-B-D-E-G-I-K-L,M82,I
A-B-D-E-G-I-K-L,M85,G
A-B-D-E-G-I-K-L,M87,L
A-B-D-E-G-I-J-L,M74,D
A-B-D-E-G-I-J-L,M77,G
A-B-D-E-G-I-J-L,M79,E
A-B-D-E-G-I-J-L,M80,I
A-B-D-E-G-I-J-L,M81,B
A-B-D-E-G-I-J-L,M82,A
A-B-D-E-G-I-J-L,M85,J
A-B-D-E-G-I-J-L,M87,L
A-B-D-E-G-I-J-K,M74,D
A-B-D-E-G-I-J-K,M77,G
A-B-D-E-G-I-J-K,M79,E
A-B-D-E-G-I-J-K,M80,K
A-B-D-E-G-I-J-K,M81,B
A-B-D-E-G-I-J-K,M82,A
A-B-D-E-G-I-J-K,M85,J
A-B-D-E-G-I-J-K,M87,I
A-B-D-E-G-H-K-L,M74,D
A-B-D-E-G-H-K-L,M77,H
A-B-D-E-G-H-K-L,M79,E
A-B-D-E-G-H-K-L,M80,K
A-B-D-E-G-H-K-L,M81,B
A-B-D-E-G-H-K-L,M82,A
A-B-D-E-G-H-K-L,M85,G
A-B-D-E-G-H-K-L,M87,L
A-B-D-E-G-H-J-L,M74,D
A-B-D-E-G-H-J-L,M77,G
A-B-D-E-G-H-J-L,M79,H
A-B-D-E-G-H-J-L,M80,E
A-B-D-E-G-H-J-L,M81,B
A-B-D-E-G-H-J-L,M82,A
A-B-D-E-G-H-J-L,M85,J
A-B-D-E-G-H-J-L,M87,L
A-B-D-E-G-H-J-K,M74,D
A-B-D-E-G-H-J-K,M77,G
A-B-D-E-G-H-J-K,M79,H
A-B-D-E-G-H-J-K,M80,K
A-B-D-E-G-H-J-K,M81,B
A-B-D-E-G-H-J-K,M82,A
A-B-D-E-G-H-J-K,M85,J
A-B-D-E-G-H-J-K,M87,E
A-B-D-E-G-H-I-L,M74,D
A-B-D-E-G-H-I-L,M77,H
A-B-D-E-G-H-I-L,M79,E
A-B-D-E-G-H-I-L,M80,I
A-B-D-E-G-H-I-L,M81,B
A-B-D-E-G-H-I-L,M82,A
A-B-D-E-G-H-I-L,M85,G
A-B-D-E-G-H-I-L,M87,L
A-B-D-E-G-H-I-K,M74,D
A-B-D-E-G-H-I-K,M77,H
A-B-D-E-G-H-I-K,M79,E
A-B-D-E-G-H-I-K,M80,K
A-B-D-E-G-H-I-K,M81,B
A-B-D-E-G-H-I-K,M82,A
A-B-D-E-G-H-I-K,M85,G
A-B-D-E-G-H-I-K,M87,I
A-B-D-E-G-H-I-J,M74,D
A-B-D-E-G-H-I-J,M77,G
A-B-D-E-G-H-I-J,M79,H
A-B-D-E-G-H-I-J,M80,I
A-B-D-E-G-H-I-J,M81,B
A-B-D-E-G-H-I-J,M82,A
A-B-D-E-G-H-I-J,M85,J
A-B-D-E-G-H-I-J,M87,E
A-B-D-E-F-J-K-L,M74,D
A-B-D-E-F-J-K-L,M77,F
A-B-D-E-F-J-K-L,M79,E
A-B-D-E-F-J-K-L,M80,K
A-B-D-E-F-J-K-L,M81,B
A-B-D-E-F-J-K-L,M82,A
A-B-D-E-F-J-K-L,M85,J
A-B-D-E-F-J-K-L,M87,L
A-B-D-E-F-I-K-L,M74,D
A-B-D-E-F-I-K-L,M77,F
A-B-D-E-F-I-K-L,M79,E
A-B-D-E-F-I-K-L,M80,K
A-B-D-E-F-I-K-L,M81,B
A-B-D-E-F-I-K-L,M82,A
A-B-D-E-F-I-K-L,M85,I
A-B-D-E-F-I-K-L,M87,L
A-B-D-E-F-I-J-L,M74,D
A-B-D-E-F-I-J-L,M77,F
A-B-D-E-F-I-J-L,M79,E
A-B-D-E-F-I-J-L,M80,I
A-B-D-E-F-I-J-L,M81,B
A-B-D-E-F-I-J-L,M82,A
A-B-D-E-F-I-J-L,M85,J
A-B-D-E-F-I-J-L,M87,L
A-B-D-E-F-I-J-K,M74,D
A-B-D-E-F-I-J-K,M77,F
A-B-D-E-F-I-J-K,M79,E
A-B-D-E-F-I-J-K,M80,K
A-B-D-E-F-I-J-K,M81,B
A-B-D-E-F-I-J-K,M82,A
A-B-D-E-F-I-J-K,M85,J
A-B-D-E-F-I-J-K,M87,I
A-B-D-E-F-H-K-L,M74,D
A-B-D-E-F-H-K-L,M77,F
A-B-D-E-F-H-K-L,M79,H
A-B-D-E-F-H-K-L,M80,K
A-B-D-E-F-H-K-L,M81,B
A-B-D-E-F-H-K-L,M82,A
A-B-D-E-F-H-K-L,M85,E
A-B-D-E-F-H-K-L,M87,L
A-B-D-E-F-H-J-L,M74,D
A-B-D-E-F-H-J-L,M77,F
A-B-D-E-F-H-J-L,M79,H
A-B-D-E-F-H-J-L,M80,E
A-B-D-E-F-H-J-L,M81,B
A-B-D-E-F-H-J-L,M82,A
A-B-D-E-F-H-J-L,M85,J
A-B-D-E-F-H-J-L,M87,L
A-B-D-E-F-H-J-K,M74,D
A-B-D-E-F-H-J-K,M77,F
A-B-D-E-F-H-J-K,M79,H
A-B-D-E-F-H-J-K,M80,K
A-B-D-E-F-H-J-K,M81,B
A-B-D-E-F-H-J-K,M82,A
A-B-D-E-F-H-J-K,M85,J
A-B-D-E-F-H-J-K,M87,E
A-B-D-E-F-H-I-L,M74,D
A-B-D-E-F-H-I-L,M77,F
A-B-D-E-F-H-I-L,M79,H
A-B-D-E-F-H-I-L,M80,I
A-B-D-E-F-H-I-L,M81,B
A-B-D-E-F-H-I-L,M82,A
A-B-D-E-F-H-I-L,M85,E
A-B-D-E-F-H-I-L,M87,L
A-B-D-E-F-H-I-K,M74,D
A-B-D-E-F-H-I-K,M77,F
A-B-D-E-F-H-I-K,M79,H
A-B-D-E-F-H-I-K,M80,K
A-B-D-E-F-H-I-K,M81,B
A-B-D-E-F-H-I-K,M82,A
A-B-D-E-F-H-I-K,M85,E
A-B-D-E-F-H-I-K,M87,I
A-B-D-E-F-H-I-J,M74,D
A-B-D-E-F-H-I-J,M77,F
A-B-D-E-F-H-I-J,M79,H
A-B-D-E-F-H-I-J,M80,I
A-B-D-E-F-H-I-J,M81,B
A-B-D-E-F-H-I-J,M82,A
A-B-D-E-F-H-I-J,M85,J
A-B-D-E-F-H-I-J,M87,E
A-B-D-E-F-G-K-L,M74,D
A-B-D-E-F-G-K-L,M77,F
A-B-D-E-F-G-K-L,M79,E
A-B-D-E-F-G-K-L,M80,K
A-B-D-E-F-G-K-L,M81,B
A-B-D-E-F-G-K-L,M82,A
A-B-D-E-F-G-K-L,M85,G
A-B-D-E-F-G-K-L,M87,L
A-B-D-E-F-G-J-L,M74,D
A-B-D-E-F-G-J-L,M77,F
A-B-D-E-F-G-J-L,M79,E
A-B-D-E-F-G-J-L,M80,J
A-B-D-E-F-G-J-L,M81,B
A-B-D-E-F-G-J-L,M82,A
A-B-D-E-F-G-J-L,M85,G
A-B-D-E-F-G-J-L,M87,L
A-B-D-E-F-G-J-K,M74,D
A-B-D-E-F-G-J-K,M77,F
A-B-D-E-F-G-J-K,M79,E
A-B-D-E-F-G-J-K,M80,K
A-B-D-E-F-G-J-K,M81,B
A-B-D-E-F-G-J-K,M82,A
A-B-D-E-F-G-J-K,M85,G
A-B-D-E-F-G-J-K,M87,J
A-B-D-E-F-G-I-L,M74,D
A-B-D-E-F-G-I-L,M77,F
A-B-D-E-F-G-I-L,M79,E
A-B-D-E-F-G-I-L,M80,I
A-B-D-E-F-G-I-L,M81,B
A-B-D-E-F-G-I-L,M82,A
A-B-D-E-F-G-I-L,M85,G
A-B-D-E-F-G-I-L,M87,L
A-B-D-E-F-G-I-K,M74,D
A-B-D-E-F-G-I-K,M77,F
A-B-D-E-F-G-I-K,M79,E
A-B-D-E-F-G-I-K,M80,K
A-B-D-E-F-G-I-K,M81,B
A-B-D-E-F-G-I-K,M82,A
A-B-D-E-F-G-I-K,M85,G
A-B-D-E-F-G-I-K,M87,I
A-B-D-E-F-G-I-J,M74,D
A-B-D-E-F-G-I-J,M77,F
A-B-D-E-F-G-I-J,M79,E
A-B-D-E-F-G-I-J,M80,J
A-B-D-E-F-G-I-J,M81,B
A-B-D-E-F-G-I-J,M82,A
A-B-D-E-F-G-I-J,M85,G
A-B-D-E-F-G-I-J,M87,I
A-B-D-E-F-G-H-L,M74,D
A-B-D-E-F-G-H-L,M77,F
A-B-D-E-F-G-H-L,M79,H
A-B-D-E-F-G-H-L,M80,E
A-B-D-E-F-G-H-L,M81,B
A-B-D-E-F-G-H-L,M82,A
A-B-D-E-F-G-H-L,M85,G
A-B-D-E-F-G-H-L,M87,L
A-B-D-E-F-G-H-K,M74,D
A-B-D-E-F-G-H-K,M77,F
A-B-D-E-F-G-H-K,M79,H
A-B-D-E-F-G-H-K,M80,K
A-B-D-E-F-G-H-K,M81,B
A-B-D-E-F-G-H-K,M82,A
A-B-D-E-F-G-H-K,M85,G
A-B-D-E-F-G-H-K,M87,E
A-B-D-E-F-G-H-J,M74,D
A-B-D-E-F-G-H-J,M77,F
A-B-D-E-F-G-H-J,M79,H
A-B-D-E-F-G-H-J,M80,J
A-B-D-E-F-G-H-J,M81,B
A-B-D-E-F-G-H-J,M82,A
A-B-D-E-F-G-H-J,M85,G
A-B-D-E-F-G-H-J,M87,E
A-B-D-E-F-G-H-I,M74,D
A-B-D-E-F-G-H-I,M77,F
A-B-D-E-F-G-H-I,M79,H
A-B-D-E-F-G-H-I,M80,I
A-B-D-E-F-G-H-I,M81,B
A-B-D-E-F-G-H-I,M82,A
A-B-D-E-F-G-H-I,M85,G
A-B-D-E-F-G-H-I,M87,E
A-B-C-H-I-J-K-L,M74,C
A-B-C-H-I-J-K-L,M77,H
A-B-C-H-I-J-K-L,M79,I
A-B-C-H-I-J-K-L,M80,K
A-B-C-H-I-J-K-L,M81,B
A-B-C-H-I-J-K-L,M82,A
A-B-C-H-I-J-K-L,M85,J
A-B-C-H-I-J-K-L,M87,L
A-B-C-G-I-J-K-L,M74,C
A-B-C-G-I-J-K-L,M77,G
A-B-C-G-I-J-K-L,M79,I
A-B-C-G-I-J-K-L,M80,K
A-B-C-G-I-J-K-L,M81,B
A-B-C-G-I-J-K-L,M82,A
A-B-C-G-I-J-K-L,M85,J
A-B-C-G-I-J-K-L,M87,L
A-B-C-G-H-J-K-L,M74,C
A-B-C-G-H-J-K-L,M77,G
A-B-C-G-H-J-K-L,M79,H
A-B-C-G-H-J-K-L,M80,K
A-B-C-G-H-J-K-L,M81,B
A-B-C-G-H-J-K-L,M82,A
A-B-C-G-H-J-K-L,M85,J
A-B-C-G-H-J-K-L,M87,L
A-B-C-G-H-I-K-L,M74,C
A-B-C-G-H-I-K-L,M77,H
A-B-C-G-H-I-K-L,M79,I
A-B-C-G-H-I-K-L,M80,K
A-B-C-G-H-I-K-L,M81,B
A-B-C-G-H-I-K-L,M82,A
A-B-C-G-H-I-K-L,M85,G
A-B-C-G-H-I-K-L,M87,L
A-B-C-G-H-I-J-L,M74,C
A-B-C-G-H-I-J-L,M77,G
A-B-C-G-H-I-J-L,M79,H
A-B-C-G-H-I-J-L,M80,I
A-B-C-G-H-I-J-L,M81,B
A-B-C-G-H-I-J-L,M82,A
A-B-C-G-H-I-J-L,M85,J
A-B-C-G-H-I-J-L,M87,L
A-B-C-G-H-I-J-K,M74,C
A-B-C-G-H-I-J-K,M77,G
A-B-C-G-H-I-J-K,M79,H
A-B-C-G-H-I-J-K,M80,K
A-B-C-G-H-I-J-K,M81,B
A-B-C-G-H-I-J-K,M82,A
A-B-C-G-H-I-J-K,M85,J
A-B-C-G-H-I-J-K,M87,I
A-B-C-F-I-J-K-L,M74,C
A-B-C-F-I-J-K-L,M77,F
A-B-C-F-I-J-K-L,M79,I
A-B-C-F-I-J-K-L,M80,K
A-B-C-F-I-J-K-L,M81,B
A-B-C-F-I-J-K-L,M82,A
A-B-C-F-I-J-K-L,M85,J
A-B-C-F-I-J-K-L,M87,L
A-B-C-F-H-J-K-L,M74,C
A-B-C-F-H-J-K-L,M77,F
A-B-C-F-H-J-K-L,M79,H
A-B-C-F-H-J-K-L,M80,K
A-B-C-F-H-J-K-L,M81,B
A-B-C-F-H-J-K-L,M82,A
A-B-C-F-H-J-K-L,M85,J
A-B-C-F-H-J-K-L,M87,L
A-B-C-F-H-I-K-L,M74,C
A-B-C-F-H-I-K-L,M77,F
A-B-C-F-H-I-K-L,M79,H
A-B-C-F-H-I-K-L,M80,K
A-B-C-F-H-I-K-L,M81,B
A-B-C-F-H-I-K-L,M82,A
A-B-C-F-H-I-K-L,M85,I
A-B-C-F-H-I-K-L,M87,L
A-B-C-F-H-I-J-L,M74,C
A-B-C-F-H-I-J-L,M77,F
A-B-C-F-H-I-J-L,M79,H
A-B-C-F-H-I-J-L,M80,I
A-B-C-F-H-I-J-L,M81,B
A-B-C-F-H-I-J-L,M82,A
A-B-C-F-H-I-J-L,M85,J
A-B-C-F-H-I-J-L,M87,L
A-B-C-F-H-I-J-K,M74,C
A-B-C-F-H-I-J-K,M77,F
A-B-C-F-H-I-J-K,M79,H
A-B-C-F-H-I-J-K,M80,K
A-B-C-F-H-I-J-K,M81,B
A-B-C-F-H-I-J-K,M82,A
A-B-C-F-H-I-J-K,M85,J
A-B-C-F-H-I-J-K,M87,I
A-B-C-F-G-J-K-L,M74,F
A-B-C-F-G-J-K-L,M77,G
A-B-C-F-G-J-K-L,M79,C
A-B-C-F-G-J-K-L,M80,K
A-B-C-F-G-J-K-L,M81,B
A-B-C-F-G-J-K-L,M82,A
A-B-C-F-G-J-K-L,M85,J
A-B-C-F-G-J-K-L,M87,L
A-B-C-F-G-I-K-L,M74,C
A-B-C-F-G-I-K-L,M77,F
A-B-C-F-G-I-K-L,M79,I
A-B-C-F-G-I-K-L,M80,K
A-B-C-F-G-I-K-L,M81,B
A-B-C-F-G-I-K-L,M82,A
A-B-C-F-G-I-K-L,M85,G
A-B-C-F-G-I-K-L,M87,L
A-B-C-F-G-I-J-L,M74,F
A-B-C-F-G-I-J-L,M77,G
A-B-C-F-G-I-J-L,M79,C
A-B-C-F-G-I-J-L,M80,I
A-B-C-F-G-I-J-L,M81,B
A-B-C-F-G-I-J-L,M82,A
A-B-C-F-G-I-J-L,M85,J
A-B-C-F-G-I-J-L,M87,L
A-B-C-F-G-I-J-K,M74,F
A-B-C-F-G-I-J-K,M77,G
A-B-C-F-G-I-J-K,M79,C
A-B-C-F-G-I-J-K,M80,K
A-B-C-F-G-I-J-K,M81,B
A-B-C-F-G-I-J-K,M82,A
A-B-C-F-G-I-J-K,M85,J
A-B-C-F-G-I-J-K,M87,I
A-B-C-F-G-H-K-L,M74,C
A-B-C-F-G-H-K-L,M77,F
A-B-C-F-G-H-K-L,M79,H
A-B-C-F-G-H-K-L,M80,K
A-B-C-F-G-H-K-L,M81,B
A-B-C-F-G-H-K-L,M82,A
A-B-C-F-G-H-K-L,M85,G
A-B-C-F-G-H-K-L,M87,L
A-B-C-F-G-H-J-L,M74,C
A-B-C-F-G-H-J-L,M77,F
A-B-C-F-G-H-J-L,M79,H
A-B-C-F-G-H-J-L,M80,J
A-B-C-F-G-H-J-L,M81,B
A-B-C-F-G-H-J-L,M82,A
A-B-C-F-G-H-J-L,M85,G
A-B-C-F-G-H-J-L,M87,L
A-B-C-F-G-H-J-K,M74,C
A-B-C-F-G-H-J-K,M77,F
A-B-C-F-G-H-J-K,M79,H
A-B-C-F-G-H-J-K,M80,K
A-B-C-F-G-H-J-K,M81,B
A-B-C-F-G-H-J-K,M82,A
A-B-C-F-G-H-J-K,M85,G
A-B-C-F-G-H-J-K,M87,J
A-B-C-F-G-H-I-L,M74,C
A-B-C-F-G-H-I-L,M77,F
A-B-C-F-G-H-I-L,M79,H
A-B-C-F-G-H-I-L,M80,I
A-B-C-F-G-H-I-L,M81,B
A-B-C-F-G-H-I-L,M82,A
A-B-C-F-G-H-I-L,M85,G
A-B-C-F-G-H-I-L,M87,L
A-B-C-F-G-H-I-K,M74,C
A-B-C-F-G-H-I-K,M77,F
A-B-C-F-G-H-I-K,M79,H
A-B-C-F-G-H-I-K,M80,K
A-B-C-F-G-H-I-K,M81,B
A-B-C-F-G-H-I-K,M82,A
A-B-C-F-G-H-I-K,M85,G
A-B-C-F-G-H-I-K,M87,I
A-B-C-F-G-H-I-J,M74,C
A-B-C-F-G-H-I-J,M77,F
A-B-C-F-G-H-I-J,M79,H
A-B-C-F-G-H-I-J,M80,J
A-B-C-F-G-H-I-J,M81,B
A-B-C-F-G-H-I-J,M82,A
A-B-C-F-G-H-I-J,M85,G
A-B-C-F-G-H-I-J,M87,I
A-B-C-E-I-J-K-L,M74,A
A-B-C-E-I-J-K-L,M77,C
A-B-C-E-I-J-K-L,M79,E
A-B-C-E-I-J-K-L,M80,K
A-B-C-E-I-J-K-L,M81,B
A-B-C-E-I-J-K-L,M82,I
A-B-C-E-I-J-K-L,M85,J
A-B-C-E-I-J-K-L,M87,L
A-B-C-E-H-J-K-L,M74,C
A-B-C-E-H-J-K-L,M77,H
A-B-C-E-H-J-K-L,M79,E
A-B-C-E-H-J-K-L,M80,K
A-B-C-E-H-J-K-L,M81,B
A-B-C-E-H-J-K-L,M82,A
A-B-C-E-H-J-K-L,M85,J
A-B-C-E-H-J-K-L,M87,L
A-B-C-E-H-I-K-L,M74,C
A-B-C-E-H-I-K-L,M77,H
A-B-C-E-H-I-K-L,M79,E
A-B-C-E-H-I-K-L,M80,K
A-B-C-E-H-I-K-L,M81,B
A-B-C-E-H-I-K-L,M82,A
A-B-C-E-H-I-K-L,M85,I
A-B-C-E-H-I-K-L,M87,L
A-B-C-E-H-I-J-L,M74,C
A-B-C-E-H-I-J-L,M77,H
A-B-C-E-H-I-J-L,M79,E
A-B-C-E-H-I-J-L,M80,I
A-B-C-E-H-I-J-L,M81,B
A-B-C-E-H-I-J-L,M82,A
A-B-C-E-H-I-J-L,M85,J
A-B-C-E-H-I-J-L,M87,L
A-B-C-E-H-I-J-K,M74,C
A-B-C-E-H-I-J-K,M77,H
A-B-C-E-H-I-J-K,M79,E
A-B-C-E-H-I-J-K,M80,K
A-B-C-E-H-I-J-K,M81,B
A-B-C-E-H-I-J-K,M82,A
A-B-C-E-H-I-J-K,M85,J
A-B-C-E-H-I-J-K,M87,I
A-B-C-E-G-J-K-L,M74,C
A-B-C-E-G-J-K-L,M77,G
A-B-C-E-G-J-K-L,M79,E
A-B-C-E-G-J-K-L,M80,K
A-B-C-E-G-J-K-L,M81,B
A-B-C-E-G-J-K-L,M82,A
A-B-C-E-G-J-K-L,M85,J
A-B-C-E-G-J-K-L,M87,L
A-B-C-E-G-I-K-L,M74,A
A-B-C-E-G-I-K-L,M77,C
A-B-C-E-G-I-K-L,M79,E
A-B-C-E-G-I-K-L,M80,K
A-B-C-E-G-I-K-L,M81,B
A-B-C-E-G-I-K-L,M82,I
A-B-C-E-G-I-K-L,M85,G
A-B-C-E-G-I-K-L,M87,L
A-B-C-E-G-I-J-L,M74,C
A-B-C-E-G-I-J-L,M77,G
A-B-C-E-G-I-J-L,M79,E
A-B-C-E-G-I-J-L,M80,I
A-B-C-E-G-I-J-L,M81,B
A-B-C-E-G-I-J-L,M82,A
A-B-C-E-G-I-J-L,M85,J
A-B-C-E-G-I-J-L,M87,L
A-B-C-E-G-I-J-K,M74,C
A-B-C-E-G-I-J-K,M77,G
A-B-C-E-G-I-J-K,M79,E
A-B-C-E-G-I-J-K,M80,K
A-B-C-E-G-I-J-K,M81,B
A-B-C-E-G-I-J-K,M82,A
A-B-C-E-G-I-J-K,M85,J
A-B-C-E-G-I-J-K,M87,I
A-B-C-E-G-H-K-L,M74,C
A-B-C-E-G-H-K-L,M77,H
A-B-C-E-G-H-K-L,M79,E
A-B-C-E-G-H-K-L,M80,K
A-B-C-E-G-H-K-L,M81,B
A-B-C-E-G-H-K-L,M82,A
A-B-C-E-G-H-K-L,M85,G
A-B-C-E-G-H-K-L,M87,L
A-B-C-E-G-H-J-L,M74,C
A-B-C-E-G-H-J-L,M77,G
A-B-C-E-G-H-J-L,M79,H
A-B-C-E-G-H-J-L,M80,E
A-B-C-E-G-H-J-L,M81,B
A-B-C-E-G-H-J-L,M82,A
A-B-C-E-G-H-J-L,M85,J
A-B-C-E-G-H-J-L,M87,L
A-B-C-E-G-H-J-K,M74,C
A-B-C-E-G-H-J-K,M77,G
A-B-C-E-G-H-J-K,M79,H
A-B-C-E-G-H-J-K,M80,K
A-B-C-E-G-H-J-K,M81,B
A-B-C-E-G-H-J-K,M82,A
A-B-C-E-G-H-J-K,M85,J
A-B-C-E-G-H-J-K,M87,E
A-B-C-E-G-H-I-L,M74,C
A-B-C-E-G-H-I-L,M77,H
A-B-C-E-G-H-I-L,M79,E
A-B-C-E-G-H-I-L,M80,I
A-B-C-E-G-H-I-L,M81,B
A-B-C-E-G-H-I-L,M82,A
A-B-C-E-G-H-I-L,M85,G
A-B-C-E-G-H-I-L,M87,L
A-B-C-E-G-H-I-K,M74,C
A-B-C-E-G-H-I-K,M77,H
A-B-C-E-G-H-I-K,M79,E
A-B-C-E-G-H-I-K,M80,K
A-B-C-E-G-H-I-K,M81,B
A-B-C-E-G-H-I-K,M82,A
A-B-C-E-G-H-I-K,M85,G
A-B-C-E-G-H-I-K,M87,I
A-B-C-E-G-H-I-J,M74,C
A-B-C-E-G-H-I-J,M77,G
A-B-C-E-G-H-I-J,M79,H
A-B-C-E-G-H-I-J,M80,I
A-B-C-E-G-H-I-J,M81,B
A-B-C-E-G-H-I-J,M82,A
A-B-C-E-G-H-I-J,M85,J
A-B-C-E-G-H-I-J,M87,E
A-B-C-E-F-J-K-L,M74,C
A-B-C-E-F-J-K-L,M77,F
A-B-C-E-F-J-K-L,M79,E
A-B-C-E-F-J-K-L,M80,K
A-B-C-E-F-J-K-L,M81,B
A-B-C-E-F-J-K-L,M82,A
A-B-C-E-F-J-K-L,M85,J
A-B-C-E-F-J-K-L,M87,L
A-B-C-E-F-I-K-L,M74,C
A-B-C-E-F-I-K-L,M77,F
A-B-C-E-F-I-K-L,M79,E
A-B-C-E-F-I-K-L,M80,K
A-B-C-E-F-I-K-L,M81,B
A-B-C-E-F-I-K-L,M82,A
A-B-C-E-F-I-K-L,M85,I
A-B-C-E-F-I-K-L,M87,L
A-B-C-E-F-I-J-L,M74,C
A-B-C-E-F-I-J-L,M77,F
A-B-C-E-F-I-J-L,M79,E
A-B-C-E-F-I-J-L,M80,I
A-B-C-E-F-I-J-L,M81,B
A-B-C-E-F-I-J-L,M82,A
A-B-C-E-F-I-J-L,M85,J
A-B-C-E-F-I-J-L,M87,L
A-B-C-E-F-I-J-K,M74,C
A-B-C-E-F-I-J-K,M77,F
A-B-C-E-F-I-J-K,M79,E
A-B-C-E-F-I-J-K,M80,K
A-B-C-E-F-I-J-K,M81,B
A-B-C-E-F-I-J-K,M82,A
A-B-C-E-F-I-J-K,M85,J
A-B-C-E-F-I-J-K,M87,I
A-B-C-E-F-H-K-L,M74,C
A-B-C-E-F-H-K-L,M77,F
A-B-C-E-F-H-K-L,M79,H
A-B-C-E-F-H-K-L,M80,K
A-B-C-E-F-H-K-L,M81,B
A-B-C-E-F-H-K-L,M82,A
A-B-C-E-F-H-K-L,M85,E
A-B-C-E-F-H-K-L,M87,L
A-B-C-E-F-H-J-L,M74,C
A-B-C-E-F-H-J-L,M77,F
A-B-C-E-F-H-J-L,M79,H
A-B-C-E-F-H-J-L,M80,E
A-B-C-E-F-H-J-L,M81,B
A-B-C-E-F-H-J-L,M82,A
A-B-C-E-F-H-J-L,M85,J
A-B-C-E-F-H-J-L,M87,L
A-B-C-E-F-H-J-K,M74,C
A-B-C-E-F-H-J-K,M77,F
A-B-C-E-F-H-J-K,M79,H
A-B-C-E-F-H-J-K,M80,K
A-B-C-E-F-H-J-K,M81,B
A-B-C-E-F-H-J-K,M82,A
A-B-C-E-F-H-J-K,M85,J
A-B-C-E-F-H-J-K,M87,E
A-B-C-E-F-H-I-L,M74,C
A-B-C-E-F-H-I-L,M77,F
A-B-C-E-F-H-I-L,M79,H
A-B-C-E-F-H-I-L,M80,I
A-B-C-E-F-H-I-L,M81,B
A-B-C-E-F-H-I-L,M82,A
A-B-C-E-F-H-I-L,M85,E
A-B-C-E-F-H-I-L,M87,L
A-B-C-E-F-H-I-K,M74,C
A-B-C-E-F-H-I-K,M77,F
A-B-C-E-F-H-I-K,M79,H
A-B-C-E-F-H-I-K,M80,K
A-B-C-E-F-H-I-K,M81,B
A-B-C-E-F-H-I-K,M82,A
A-B-C-E-F-H-I-K,M85,E
A-B-C-E-F-H-I-K,M87,I
A-B-C-E-F-H-I-J,M74,C
A-B-C-E-F-H-I-J,M77,F
A-B-C-E-F-H-I-J,M79,H
A-B-C-E-F-H-I-J,M80,I
A-B-C-E-F-H-I-J,M81,B
A-B-C-E-F-H-I-J,M82,A
A-B-C-E-F-H-I-J,M85,J
A-B-C-E-F-H-I-J,M87,E
A-B-C-E-F-G-K-L,M74,C
A-B-C-E-F-G-K-L,M77,F
A-B-C-E-F-G-K-L,M79,E
A-B-C-E-F-G-K-L,M80,K
A-B-C-E-F-G-K-L,M81,B
A-B-C-E-F-G-K-L,M82,A
A-B-C-E-F-G-K-L,M85,G
A-B-C-E-F-G-K-L,M87,L
A-B-C-E-F-G-J-L,M74,C
A-B-C-E-F-G-J-L,M77,F
A-B-C-E-F-G-J-L,M79,E
A-B-C-E-F-G-J-L,M80,J
A-B-C-E-F-G-J-L,M81,B
A-B-C-E-F-G-J-L,M82,A
A-B-C-E-F-G-J-L,M85,G
A-B-C-E-F-G-J-L,M87,L
A-B-C-E-F-G-J-K,M74,C
A-B-C-E-F-G-J-K,M77,F
A-B-C-E-F-G-J-K,M79,E
A-B-C-E-F-G-J-K,M80,K
A-B-C-E-F-G-J-K,M81,B
A-B-C-E-F-G-J-K,M82,A
A-B-C-E-F-G-J-K,M85,G
A-B-C-E-F-G-J-K,M87,J
A-B-C-E-F-G-I-L,M74,C
A-B-C-E-F-G-I-L,M77,F
A-B-C-E-F-G-I-L,M79,E
A-B-C-E-F-G-I-L,M80,I
A-B-C-E-F-G-I-L,M81,B
A-B-C-E-F-G-I-L,M82,A
A-B-C-E-F-G-I-L,M85,G
A-B-C-E-F-G-I-L,M87,L
A-B-C-E-F-G-I-K,M74,C
A-B-C-E-F-G-I-K,M77,F
A-B-C-E-F-G-I-K,M79,E
A-B-C-E-F-G-I-K,M80,K
A-B-C-E-F-G-I-K,M81,B
A-B-C-E-F-G-I-K,M82,A
A-B-C-E-F-G-I-K,M85,G
A-B-C-E-F-G-I-K,M87,I
A-B-C-E-F-G-I-J,M74,C
A-B-C-E-F-G-I-J,M77,F
A-B-C-E-F-G-I-J,M79,E
A-B-C-E-F-G-I-J,M80,J
A-B-C-E-F-G-I-J,M81,B
A-B-C-E-F-G-I-J,M82,A
A-B-C-E-F-G-I-J,M85,G
A-B-C-E-F-G-I-J,M87,I
A-B-C-E-F-G-H-L,M74,C
A-B-C-E-F-G-H-L,M77,F
A-B-C-E-F-G-H-L,M79,H
A-B-C-E-F-G-H-L,M80,E
A-B-C-E-F-G-H-L,M81,B
A-B-C-E-F-G-H-L,M82,A
A-B-C-E-F-G-H-L,M85,G
A-B-C-E-F-G-H-L,M87,L
A-B-C-E-F-G-H-K,M74,C
A-B-C-E-F-G-H-K,M77,F
A-B-C-E-F-G-H-K,M79,H
A-B-C-E-F-G-H-K,M80,K
A-B-C-E-F-G-H-K,M81,B
A-B-C-E-F-G-H-K,M82,A
A-B-C-E-F-G-H-K,M85,G
A-B-C-E-F-G-H-K,M87,E
A-B-C-E-F-G-H-J,M74,C
A-B-C-E-F-G-H-J,M77,F
A-B-C-E-F-G-H-J,M79,H
A-B-C-E-F-G-H-J,M80,J
A-B-C-E-F-G-H-J,M81,B
A-B-C-E-F-G-H-J,M82,A
A-B-C-E-F-G-H-J,M85,G
A-B-C-E-F-G-H-J,M87,E
A-B-C-E-F-G-H-I,M74,C
A-B-C-E-F-G-H-I,M77,F
A-B-C-E-F-G-H-I,M79,H
A-B-C-E-F-G-H-I,M80,I
A-B-C-E-F-G-H-I,M81,B
A-B-C-E-F-G-H-I,M82,A
A-B-C-E-F-G-H-I,M85,G
A-B-C-E-F-G-H-I,M87,E
A-B-C-D-I-J-K-L,M74,C
A-B-C-D-I-J-K-L,M77,D
A-B-C-D-I-J-K-L,M79,I
A-B-C-D-I-J-K-L,M80,K
A-B-C-D-I-J-K-L,M81,B
A-B-C-D-I-J-K-L,M82,A
A-B-C-D-I-J-K-L,M85,J
A-B-C-D-I-J-K-L,M87,L
A-B-C-D-H-J-K-L,M74,C
A-B-C-D-H-J-K-L,M77,D
A-B-C-D-H-J-K-L,M79,H
A-B-C-D-H-J-K-L,M80,K
A-B-C-D-H-J-K-L,M81,B
A-B-C-D-H-J-K-L,M82,A
A-B-C-D-H-J-K-L,M85,J
A-B-C-D-H-J-K-L,M87,L
A-B-C-D-H-I-K-L,M74,C
A-B-C-D-H-I-K-L,M77,D
A-B-C-D-H-I-K-L,M79,H
A-B-C-D-H-I-K-L,M80,K
A-B-C-D-H-I-K-L,M81,B
A-B-C-D-H-I-K-L,M82,A
A-B-C-D-H-I-K-L,M85,I
A-B-C-D-H-I-K-L,M87,L
A-B-C-D-H-I-J-L,M74,C
A-B-C-D-H-I-J-L,M77,D
A-B-C-D-H-I-J-L,M79,H
A-B-C-D-H-I-J-L,M80,I
A-B-C-D-H-I-J-L,M81,B
A-B-C-D-H-I-J-L,M82,A
A-B-C-D-H-I-J-L,M85,J
A-B-C-D-H-I-J-L,M87,L
A-B-C-D-H-I-J-K,M74,C
A-B-C-D-H-I-J-K,M77,D
A-B-C-D-H-I-J-K,M79,H
A-B-C-D-H-I-J-K,M80,K
A-B-C-D-H-I-J-K,M81,B
A-B-C-D-H-I-J-K,M82,A
A-B-C-D-H-I-J-K,M85,J
A-B-C-D-H-I-J-K,M87,I
A-B-C-D-G-J-K-L,M74,D
A-B-C-D-G-J-K-L,M77,G
A-B-C-D-G-J-K-L,M79,C
A-B-C-D-G-J-K-L,M80,K
A-B-C-D-G-J-K-L,M81,B
A-B-C-D-G-J-K-L,M82,A
A-B-C-D-G-J-K-L,M85,J
A-B-C-D-G-J-K-L,M87,L
A-B-C-D-G-I-K-L,M74,C
A-B-C-D-G-I-K-L,M77,D
A-B-C-D-G-I-K-L,M79,I
A-B-C-D-G-I-K-L,M80,K
A-B-C-D-G-I-K-L,M81,B
A-B-C-D-G-I-K-L,M82,A
A-B-C-D-G-I-K-L,M85,G
A-B-C-D-G-I-K-L,M87,L
A-B-C-D-G-I-J-L,M74,D
A-B-C-D-G-I-J-L,M77,G
A-B-C-D-G-I-J-L,M79,C
A-B-C-D-G-I-J-L,M80,I
A-B-C-D-G-I-J-L,M81,B
A-B-C-D-G-I-J-L,M82,A
A-B-C-D-G-I-J-L,M85,J
A-B-C-D-G-I-J-L,M87,L
A-B-C-D-G-I-J-K,M74,D
A-B-C-D-G-I-J-K,M77,G
A-B-C-D-G-I-J-K,M79,C
A-B-C-D-G-I-J-K,M80,K
A-B-C-D-G-I-J-K,M81,B
A-B-C-D-G-I-J-K,M82,A
A-B-C-D-G-I-J-K,M85,J
A-B-C-D-G-I-J-K,M87,I
A-B-C-D-G-H-K-L,M74,C
A-B-C-D-G-H-K-L,M77,D
A-B-C-D-G-H-K-L,M79,H
A-B-C-D-G-H-K-L,M80,K
A-B-C-D-G-H-K-L,M81,B
A-B-C-D-G-H-K-L,M82,A
A-B-C-D-G-H-K-L,M85,G
A-B-C-D-G-H-K-L,M87,L
A-B-C-D-G-H-J-L,M74,C
A-B-C-D-G-H-J-L,M77,D
A-B-C-D-G-H-J-L,M79,H
A-B-C-D-G-H-J-L,M80,J
A-B-C-D-G-H-J-L,M81,B
A-B-C-D-G-H-J-L,M82,A
A-B-C-D-G-H-J-L,M85,G
A-B-C-D-G-H-J-L,M87,L
A-B-C-D-G-H-J-K,M74,C
A-B-C-D-G-H-J-K,M77,D
A-B-C-D-G-H-J-K,M79,H
A-B-C-D-G-H-J-K,M80,K
A-B-C-D-G-H-J-K,M81,B
A-B-C-D-G-H-J-K,M82,A
A-B-C-D-G-H-J-K,M85,G
A-B-C-D-G-H-J-K,M87,J
A-B-C-D-G-H-I-L,M74,C
A-B-C-D-G-H-I-L,M77,D
A-B-C-D-G-H-I-L,M79,H
A-B-C-D-G-H-I-L,M80,I
A-B-C-D-G-H-I-L,M81,B
A-B-C-D-G-H-I-L,M82,A
A-B-C-D-G-H-I-L,M85,G
A-B-C-D-G-H-I-L,M87,L
A-B-C-D-G-H-I-K,M74,C
A-B-C-D-G-H-I-K,M77,D
A-B-C-D-G-H-I-K,M79,H
A-B-C-D-G-H-I-K,M80,K
A-B-C-D-G-H-I-K,M81,B
A-B-C-D-G-H-I-K,M82,A
A-B-C-D-G-H-I-K,M85,G
A-B-C-D-G-H-I-K,M87,I
A-B-C-D-G-H-I-J,M74,C
A-B-C-D-G-H-I-J,M77,D
A-B-C-D-G-H-I-J,M79,H
A-B-C-D-G-H-I-J,M80,J
A-B-C-D-G-H-I-J,M81,B
A-B-C-D-G-H-I-J,M82,A
A-B-C-D-G-H-I-J,M85,G
A-B-C-D-G-H-I-J,M87,I
A-B-C-D-F-J-K-L,M74,D
A-B-C-D-F-J-K-L,M77,F
A-B-C-D-F-J-K-L,M79,C
A-B-C-D-F-J-K-L,M80,K
A-B-C-D-F-J-K-L,M81,B
A-B-C-D-F-J-K-L,M82,A
A-B-C-D-F-J-K-L,M85,J
A-B-C-D-F-J-K-L,M87,L
A-B-C-D-F-I-K-L,M74,D
A-B-C-D-F-I-K-L,M77,F
A-B-C-D-F-I-K-L,M79,C
A-B-C-D-F-I-K-L,M80,K
A-B-C-D-F-I-K-L,M81,B
A-B-C-D-F-I-K-L,M82,A
A-B-C-D-F-I-K-L,M85,I
A-B-C-D-F-I-K-L,M87,L
A-B-C-D-F-I-J-L,M74,D
A-B-C-D-F-I-J-L,M77,F
A-B-C-D-F-I-J-L,M79,C
A-B-C-D-F-I-J-L,M80,I
A-B-C-D-F-I-J-L,M81,B
A-B-C-D-F-I-J-L,M82,A
A-B-C-D-F-I-J-L,M85,J
A-B-C-D-F-I-J-L,M87,L
A-B-C-D-F-I-J-K,M74,D
A-B-C-D-F-I-J-K,M77,F
A-B-C-D-F-I-J-K,M79,C
A-B-C-D-F-I-J-K,M80,K
A-B-C-D-F-I-J-K,M81,B
A-B-C-D-F-I-J-K,M82,A
A-B-C-D-F-I-J-K,M85,J
A-B-C-D-F-I-J-K,M87,I
A-B-C-D-F-H-K-L,M74,C
A-B-C-D-F-H-K-L,M77,D
A-B-C-D-F-H-K-L,M79,H
A-B-C-D-F-H-K-L,M80,K
A-B-C-D-F-H-K-L,M81,B
A-B-C-D-F-H-K-L,M82,A
A-B-C-D-F-H-K-L,M85,F
A-B-C-D-F-H-K-L,M87,L
A-B-C-D-F-H-J-L,M74,D
A-B-C-D-F-H-J-L,M77,F
A-B-C-D-F-H-J-L,M79,C
A-B-C-D-F-H-J-L,M80,H
A-B-C-D-F-H-J-L,M81,B
A-B-C-D-F-H-J-L,M82,A
A-B-C-D-F-H-J-L,M85,J
A-B-C-D-F-H-J-L,M87,L
A-B-C-D-F-H-J-K,M74,C
A-B-C-D-F-H-J-K,M77,F
A-B-C-D-F-H-J-K,M79,H
A-B-C-D-F-H-J-K,M80,K
A-B-C-D-F-H-J-K,M81,B
A-B-C-D-F-H-J-K,M82,A
A-B-C-D-F-H-J-K,M85,J
A-B-C-D-F-H-J-K,M87,D
A-B-C-D-F-H-I-L,M74,C
A-B-C-D-F-H-I-L,M77,D
A-B-C-D-F-H-I-L,M79,H
A-B-C-D-F-H-I-L,M80,I
A-B-C-D-F-H-I-L,M81,B
A-B-C-D-F-H-I-L,M82,A
A-B-C-D-F-H-I-L,M85,F
A-B-C-D-F-H-I-L,M87,L
A-B-C-D-F-H-I-K,M74,C
A-B-C-D-F-H-I-K,M77,D
A-B-C-D-F-H-I-K,M79,H
A-B-C-D-F-H-I-K,M80,K
A-B-C-D-F-H-I-K,M81,B
A-B-C-D-F-H-I-K,M82,A
A-B-C-D-F-H-I-K,M85,F
A-B-C-D-F-H-I-K,M87,I
A-B-C-D-F-H-I-J,M74,C
A-B-C-D-F-H-I-J,M77,F
A-B-C-D-F-H-I-J,M79,H
A-B-C-D-F-H-I-J,M80,I
A-B-C-D-F-H-I-J,M81,B
A-B-C-D-F-H-I-J,M82,A
A-B-C-D-F-H-I-J,M85,J
A-B-C-D-F-H-I-J,M87,D
A-B-C-D-F-G-K-L,M74,D
A-B-C-D-F-G-K-L,M77,F
A-B-C-D-F-G-K-L,M79,C
A-B-C-D-F-G-K-L,M80,K
A-B-C-D-F-G-K-L,M81,B
A-B-C-D-F-G-K-L,M82,A
A-B-C-D-F-G-K-L,M85,G
A-B-C-D-F-G-K-L,M87,L
A-B-C-D-F-G-J-L,M74,D
A-B-C-D-F-G-J-L,M77,F
A-B-C-D-F-G-J-L,M79,C
A-B-C-D-F-G-J-L,M80,J
A-B-C-D-F-G-J-L,M81,B
A-B-C-D-F-G-J-L,M82,A
A-B-C-D-F-G-J-L,M85,G
A-B-C-D-F-G-J-L,M87,L
A-B-C-D-F-G-J-K,M74,D
A-B-C-D-F-G-J-K,M77,F
A-B-C-D-F-G-J-K,M79,C
A-B-C-D-F-G-J-K,M80,K
A-B-C-D-F-G-J-K,M81,B
A-B-C-D-F-G-J-K,M82,A
A-B-C-D-F-G-J-K,M85,G
A-B-C-D-F-G-J-K,M87,J
A-B-C-D-F-G-I-L,M74,D
A-B-C-D-F-G-I-L,M77,F
A-B-C-D-F-G-I-L,M79,C
A-B-C-D-F-G-I-L,M80,I
A-B-C-D-F-G-I-L,M81,B
A-B-C-D-F-G-I-L,M82,A
A-B-C-D-F-G-I-L,M85,G
A-B-C-D-F-G-I-L,M87,L
A-B-C-D-F-G-I-K,M74,D
A-B-C-D-F-G-I-K,M77,F
A-B-C-D-F-G-I-K,M79,C
A-B-C-D-F-G-I-K,M80,K
A-B-C-D-F-G-I-K,M81,B
A-B-C-D-F-G-I-K,M82,A
A-B-C-D-F-G-I-K,M85,G
A-B-C-D-F-G-I-K,M87,I
A-B-C-D-F-G-I-J,M74,D
A-B-C-D-F-G-I-J,M77,F
A-B-C-D-F-G-I-J,M79,C
A-B-C-D-F-G-I-J,M80,J
A-B-C-D-F-G-I-J,M81,B
A-B-C-D-F-G-I-J,M82,A
A-B-C-D-F-G-I-J,M85,G
A-B-C-D-F-G-I-J,M87,I
A-B-C-D-F-G-H-L,M74,D
A-B-C-D-F-G-H-L,M77,F
A-B-C-D-F-G-H-L,M79,C
A-B-C-D-F-G-H-L,M80,H
A-B-C-D-F-G-H-L,M81,B
A-B-C-D-F-G-H-L,M82,A
A-B-C-D-F-G-H-L,M85,G
A-B-C-D-F-G-H-L,M87,L
A-B-C-D-F-G-H-K,M74,C
A-B-C-D-F-G-H-K,M77,F
A-B-C-D-F-G-H-K,M79,H
A-B-C-D-F-G-H-K,M80,K
A-B-C-D-F-G-H-K,M81,B
A-B-C-D-F-G-H-K,M82,A
A-B-C-D-F-G-H-K,M85,G
A-B-C-D-F-G-H-K,M87,D
A-B-C-D-F-G-H-J,M74,C
A-B-C-D-F-G-H-J,M77,F
A-B-C-D-F-G-H-J,M79,H
A-B-C-D-F-G-H-J,M80,J
A-B-C-D-F-G-H-J,M81,B
A-B-C-D-F-G-H-J,M82,A
A-B-C-D-F-G-H-J,M85,G
A-B-C-D-F-G-H-J,M87,D
A-B-C-D-F-G-H-I,M74,C
A-B-C-D-F-G-H-I,M77,F
A-B-C-D-F-G-H-I,M79,H
A-B-C-D-F-G-H-I,M80,I
A-B-C-D-F-G-H-I,M81,B
A-B-C-D-F-G-H-I,M82,A
A-B-C-D-F-G-H-I,M85,G
A-B-C-D-F-G-H-I,M87,D
A-B-C-D-E-J-K-L,M74,C
A-B-C-D-E-J-K-L,M77,D
A-B-C-D-E-J-K-L,M79,E
A-B-C-D-E-J-K-L,M80,K
A-B-C-D-E-J-K-L,M81,B
A-B-C-D-E-J-K-L,M82,A
A-B-C-D-E-J-K-L,M85,J
A-B-C-D-E-J-K-L,M87,L
A-B-C-D-E-I-K-L,M74,C
A-B-C-D-E-I-K-L,M77,D
A-B-C-D-E-I-K-L,M79,E
A-B-C-D-E-I-K-L,M80,K
A-B-C-D-E-I-K-L,M81,B
A-B-C-D-E-I-K-L,M82,A
A-B-C-D-E-I-K-L,M85,I
A-B-C-D-E-I-K-L,M87,L
A-B-C-D-E-I-J-L,M74,C
A-B-C-D-E-I-J-L,M77,D
A-B-C-D-E-I-J-L,M79,E
A-B-C-D-E-I-J-L,M80,I
A-B-C-D-E-I-J-L,M81,B
A-B-C-D-E-I-J-L,M82,A
A-B-C-D-E-I-J-L,M85,J
A-B-C-D-E-I-J-L,M87,L
A-B-C-D-E-I-J-K,M74,C
A-B-C-D-E-I-J-K,M77,D
A-B-C-D-E-I-J-K,M79,E
A-B-C-D-E-I-J-K,M80,K
A-B-C-D-E-I-J-K,M81,B
A-B-C-D-E-I-J-K,M82,A
A-B-C-D-E-I-J-K,M85,J
A-B-C-D-E-I-J-K,M87,I
A-B-C-D-E-H-K-L,M74,C
A-B-C-D-E-H-K-L,M77,D
A-B-C-D-E-H-K-L,M79,H
A-B-C-D-E-H-K-L,M80,K
A-B-C-D-E-H-K-L,M81,B
A-B-C-D-E-H-K-L,M82,A
A-B-C-D-E-H-K-L,M85,E
A-B-C-D-E-H-K-L,M87,L
A-B-C-D-E-H-J-L,M74,C
A-B-C-D-E-H-J-L,M77,D
A-B-C-D-E-H-J-L,M79,H
A-B-C-D-E-H-J-L,M80,E
A-B-C-D-E-H-J-L,M81,B
A-B-C-D-E-H-J-L,M82,A
A-B-C-D-E-H-J-L,M85,J
A-B-C-D-E-H-J-L,M87,L
A-B-C-D-E-H-J-K,M74,C
A-B-C-D-E-H-J-K,M77,D
A-B-C-D-E-H-J-K,M79,H
A-B-C-D-E-H-J-K,M80,K
A-B-C-D-E-H-J-K,M81,B
A-B-C-D-E-H-J-K,M82,A
A-B-C-D-E-H-J-K,M85,J
A-B-C-D-E-H-J-K,M87,E
A-B-C-D-E-H-I-L,M74,C
A-B-C-D-E-H-I-L,M77,D
A-B-C-D-E-H-I-L,M79,H
A-B-C-D-E-H-I-L,M80,I
A-B-C-D-E-H-I-L,M81,B
A-B-C-D-E-H-I-L,M82,A
A-B-C-D-E-H-I-L,M85,E
A-B-C-D-E-H-I-L,M87,L
A-B-C-D-E-H-I-K,M74,C
A-B-C-D-E-H-I-K,M77,D
A-B-C-D-E-H-I-K,M79,H
A-B-C-D-E-H-I-K,M80,K
A-B-C-D-E-H-I-K,M81,B
A-B-C-D-E-H-I-K,M82,A
A-B-C-D-E-H-I-K,M85,E
A-B-C-D-E-H-I-K,M87,I
A-B-C-D-E-H-I-J,M74,C
A-B-C-D-E-H-I-J,M77,D
A-B-C-D-E-H-I-J,M79,H
A-B-C-D-E-H-I-J,M80,I
A-B-C-D-E-H-I-J,M81,B
A-B-C-D-E-H-I-J,M82,A
A-B-C-D-E-H-I-J,M85,J
A-B-C-D-E-H-I-J,M87,E
A-B-C-D-E-G-K-L,M74,C
A-B-C-D-E-G-K-L,M77,D
A-B-C-D-E-G-K-L,M79,E
A-B-C-D-E-G-K-L,M80,K
A-B-C-D-E-G-K-L,M81,B
A-B-C-D-E-G-K-L,M82,A
A-B-C-D-E-G-K-L,M85,G
A-B-C-D-E-G-K-L,M87,L
A-B-C-D-E-G-J-L,M74,C
A-B-C-D-E-G-J-L,M77,D
A-B-C-D-E-G-J-L,M79,E
A-B-C-D-E-G-J-L,M80,J
A-B-C-D-E-G-J-L,M81,B
A-B-C-D-E-G-J-L,M82,A
A-B-C-D-E-G-J-L,M85,G
A-B-C-D-E-G-J-L,M87,L
A-B-C-D-E-G-J-K,M74,C
A-B-C-D-E-G-J-K,M77,D
A-B-C-D-E-G-J-K,M79,E
A-B-C-D-E-G-J-K,M80,K
A-B-C-D-E-G-J-K,M81,B
A-B-C-D-E-G-J-K,M82,A
A-B-C-D-E-G-J-K,M85,G
A-B-C-D-E-G-J-K,M87,J
A-B-C-D-E-G-I-L,M74,C
A-B-C-D-E-G-I-L,M77,D
A-B-C-D-E-G-I-L,M79,E
A-B-C-D-E-G-I-L,M80,I
A-B-C-D-E-G-I-L,M81,B
A-B-C-D-E-G-I-L,M82,A
A-B-C-D-E-G-I-L,M85,G
A-B-C-D-E-G-I-L,M87,L
A-B-C-D-E-G-I-K,M74,C
A-B-C-D-E-G-I-K,M77,D
A-B-C-D-E-G-I-K,M79,E
A-B-C-D-E-G-I-K,M80,K
A-B-C-D-E-G-I-K,M81,B
A-B-C-D-E-G-I-K,M82,A
A-B-C-D-E-G-I-K,M85,G
A-B-C-D-E-G-I-K,M87,I
A-B-C-D-E-G-I-J,M74,C
A-B-C-D-E-G-I-J,M77,D
A-B-C-D-E-G-I-J,M79,E
A-B-C-D-E-G-I-J,M80,J
A-B-C-D-E-G-I-J,M81,B
A-B-C-D-E-G-I-J,M82,A
A-B-C-D-E-G-I-J,M85,G
A-B-C-D-E-G-I-J,M87,I
A-B-C-D-E-G-H-L,M74,C
A-B-C-D-E-G-H-L,M77,D
A-B-C-D-E-G-H-L,M79,H
A-B-C-D-E-G-H-L,M80,E
A-B-C-D-E-G-H-L,M81,B
A-B-C-D-E-G-H-L,M82,A
A-B-C-D-E-G-H-L,M85,G
A-B-C-D-E-G-H-L,M87,L
A-B-C-D-E-G-H-K,M74,C
A-B-C-D-E-G-H-K,M77,D
A-B-C-D-E-G-H-K,M79,H
A-B-C-D-E-G-H-K,M80,K
A-B-C-D-E-G-H-K,M81,B
A-B-C-D-E-G-H-K,M82,A
A-B-C-D-E-G-H-K,M85,G
A-B-C-D-E-G-H-K,M87,E
A-B-C-D-E-G-H-J,M74,C
A-B-C-D-E-G-H-J,M77,D
A-B-C-D-E-G-H-J,M79,H
A-B-C-D-E-G-H-J,M80,J
A-B-C-D-E-G-H-J,M81,B
A-B-C-D-E-G-H-J,M82,A
A-B-C-D-E-G-H-J,M85,G
A-B-C-D-E-G-H-J,M87,E
A-B-C-D-E-G-H-I,M74,C
A-B-C-D-E-G-H-I,M77,D
A-B-C-D-E-G-H-I,M79,H
A-B-C-D-E-G-H-I,M80,I
A-B-C-D-E-G-H-I,M81,B
A-B-C-D-E-G-H-I,M82,A
A-B-C-D-E-G-H-I,M85,G
A-B-C-D-E-G-H-I,M87,E
A-B-C-D-E-F-K-L,M74,D
A-B-C-D-E-F-K-L,M77,F
A-B-C-D-E-F-K-L,M79,C
A-B-C-D-E-F-K-L,M80,K
A-B-C-D-E-F-K-L,M81,B
A-B-C-D-E-F-K-L,M82,A
A-B-C-D-E-F-K-L,M85,E
A-B-C-D-E-F-K-L,M87,L
A-B-C-D-E-F-J-L,M74,D
A-B-C-D-E-F-J-L,M77,F
A-B-C-D-E-F-J-L,M79,C
A-B-C-D-E-F-J-L,M80,E
A-B-C-D-E-F-J-L,M81,B
A-B-C-D-E-F-J-L,M82,A
A-B-C-D-E-F-J-L,M85,J
A-B-C-D-E-F-J-L,M87,L
A-B-C-D-E-F-J-K,M74,D
A-B-C-D-E-F-J-K,M77,F
A-B-C-D-E-F-J-K,M79,C
A-B-C-D-E-F-J-K,M80,K
A-B-C-D-E-F-J-K,M81,B
A-B-C-D-E-F-J-K,M82,A
A-B-C-D-E-F-J-K,M85,J
A-B-C-D-E-F-J-K,M87,E
A-B-C-D-E-F-I-L,M74,D
A-B-C-D-E-F-I-L,M77,F
A-B-C-D-E-F-I-L,M79,C
A-B-C-D-E-F-I-L,M80,I
A-B-C-D-E-F-I-L,M81,B
A-B-C-D-E-F-I-L,M82,A
A-B-C-D-E-F-I-L,M85,E
A-B-C-D-E-F-I-L,M87,L
A-B-C-D-E-F-I-K,M74,D
A-B-C-D-E-F-I-K,M77,F
A-B-C-D-E-F-I-K,M79,C
A-B-C-D-E-F-I-K,M80,K
A-B-C-D-E-F-I-K,M81,B
A-B-C-D-E-F-I-K,M82,A
A-B-C-D-E-F-I-K,M85,E
A-B-C-D-E-F-I-K,M87,I
A-B-C-D-E-F-I-J,M74,D
A-B-C-D-E-F-I-J,M77,F
A-B-C-D-E-F-I-J,M79,C
A-B-C-D-E-F-I-J,M80,I
A-B-C-D-E-F-I-J,M81,B
A-B-C-D-E-F-I-J,M82,A
A-B-C-D-E-F-I-J,M85,J
A-B-C-D-E-F-I-J,M87,E
A-B-C-D-E-F-H-L,M74,C
A-B-C-D-E-F-H-L,M77,D
A-B-C-D-E-F-H-L,M79,H
A-B-C-D-E-F-H-L,M80,E
A-B-C-D-E-F-H-L,M81,B
A-B-C-D-E-F-H-L,M82,A
A-B-C-D-E-F-H-L,M85,F
A-B-C-D-E-F-H-L,M87,L
A-B-C-D-E-F-H-K,M74,C
A-B-C-D-E-F-H-K,M77,F
A-B-C-D-E-F-H-K,M79,H
A-B-C-D-E-F-H-K,M80,K
A-B-C-D-E-F-H-K,M81,B
A-B-C-D-E-F-H-K,M82,A
A-B-C-D-E-F-H-K,M85,E
A-B-C-D-E-F-H-K,M87,D
A-B-C-D-E-F-H-J,M74,C
A-B-C-D-E-F-H-J,M77,F
A-B-C-D-E-F-H-J,M79,H
A-B-C-D-E-F-H-J,M80,E
A-B-C-D-E-F-H-J,M81,B
A-B-C-D-E-F-H-J,M82,A
A-B-C-D-E-F-H-J,M85,J
A-B-C-D-E-F-H-J,M87,D
A-B-C-D-E-F-H-I,M74,C
A-B-C-D-E-F-H-I,M77,F
A-B-C-D-E-F-H-I,M79,H
A-B-C-D-E-F-H-I,M80,I
A-B-C-D-E-F-H-I,M81,B
A-B-C-D-E-F-H-I,M82,A
A-B-C-D-E-F-H-I,M85,E
A-B-C-D-E-F-H-I,M87,D
A-B-C-D-E-F-G-L,M74,D
A-B-C-D-E-F-G-L,M77,F
A-B-C-D-E-F-G-L,M79,C
A-B-C-D-E-F-G-L,M80,E
A-B-C-D-E-F-G-L,M81,B
A-B-C-D-E-F-G-L,M82,A
A-B-C-D-E-F-G-L,M85,G
A-B-C-D-E-F-G-L,M87,L
A-B-C-D-E-F-G-K,M74,D
A-B-C-D-E-F-G-K,M77,F
A-B-C-D-E-F-G-K,M79,C
A-B-C-D-E-F-G-K,M80,K
A-B-C-D-E-F-G-K,M81,B
A-B-C-D-E-F-G-K,M82,A
A-B-C-D-E-F-G-K,M85,G
A-B-C-D-E-F-G-K,M87,E
A-B-C-D-E-F-G-J,M74,D
A-B-C-D-E-F-G-J,M77,F
A-B-C-D-E-F-G-J,M79,C
A-B-C-D-E-F-G-J,M80,J
A-B-C-D-E-F-G-J,M81,B
A-B-C-D-E-F-G-J,M82,A
A-B-C-D-E-F-G-J,M85,G
A-B-C-D-E-F-G-J,M87,E
A-B-C-D-E-F-G-I,M74,D
A-B-C-D-E-F-G-I,M77,F
A-B-C-D-E-F-G-I,M79,C
A-B-C-D-E-F-G-I,M80,I
A-B-C-D-E-F-G-I,M81,B
A-B-C-D-E-F-G-I,M82,A
A-B-C-D-E-F-G-I,M85,G
A-B-C-D-E-F-G-I,M87,E
A-B-C-D-E-F-G-H,M74,C
A-B-C-D-E-F-G-H,M77,F
A-B-C-D-E-F-G-H,M79,H
A-B-C-D-E-F-G-H,M80,E
A-B-C-D-E-F-G-H,M81,B
A-B-C-D-E-F-G-H,M82,A
A-B-C-D-E-F-G-H,M85,G
A-B-C-D-E-F-G-H,M87,D
